id,token_cnt
4165,1443
96,187
5813,132
7563,744
5053,961
3446,667
6702,153
6139,1264
2243,380
8336,340
6104,631
2559,193
4344,187
7780,182
8285,208
8657,251
3280,69
7961,939
612,185
7091,240
6062,480
3809,681
3334,591
8266,618
7116,248
1454,1465
1398,236
7563,248
1546,1011
4048,461
1147,55
1316,510
783,172
2437,248
6653,212
2450,649
7667,733
374,217
3994,343
8279,231
4048,415
6263,420
6280,304
4149,151
2464,518
7052,352
2610,112
1042,113
911,182
3536,586
4635,258
8608,247
6711,760
5324,120
1847,266
930,219
4273,424
4979,461
3375,663
2225,732
6517,246
7889,995
544,375
3566,347
8419,843
7315,484
2033,92
343,212
5286,428
6598,1465
1228,239
3788,564
3918,217
4655,338
6037,530
584,167
208,173
4128,545
7067,166
6478,267
870,202
2511,142
232,414
5164,484
6767,871
4290,219
6999,701
2520,331
5474,682
7759,760
4640,467
5487,289
965,247
270,165
6551,217
8079,259
588,204
949,298
4527,199
5967,217
5117,159
699,615
2601,220
2970,96
6483,826
2882,481
5763,201
6398,340
5030,243
3774,456
879,418
6019,1001
5266,484
1666,343
8089,294
3063,134
5276,507
1296,226
6000,328
491,111
4957,479
1260,115
2993,429
7312,1465
7105,156
7920,780
8264,360
959,135
4671,505
1198,496
1189,290
189,208
1043,286
3313,166
992,140
6629,635
4238,224
8631,107
5362,55
2055,216
932,123
8140,1187
811,345
3767,120
2473,330
4203,718
3583,194
3546,339
2697,194
681,130
7299,292
2609,189
5426,266
794,484
5729,909
6380,130
888,148
763,427
1050,407
6136,278
8428,510
5959,239
1680,703
3778,521
735,635
1627,344
3662,705
5157,161
2794,510
5258,663
5262,612
3440,72
5142,279
5062,478
725,214
567,184
4598,203
4836,606
3173,403
4089,264
6162,480
899,726
233,94
1259,208
5277,1201
354,359
2880,350
595,237
5544,269
8405,171
2551,311
4226,335
6664,688
2631,110
4840,415
610,242
8611,105
1069,226
2491,305
691,112
4544,139
1980,626
4377,407
5649,59
2817,595
4680,159
6072,1055
4721,331
1005,287
3964,767
7642,54
8835,732
1059,226
8160,383
42,193
4240,714
6888,251
2534,398
442,177
8305,252
3420,186
7960,642
678,809
1231,440
413,234
7226,258
6133,1465
2272,399
312,95
8044,264
8506,728
1833,244
1068,442
5138,500
563,270
4800,731
4987,178
5599,308
794,1136
8261,167
3616,773
4146,285
1706,944
5189,788
6142,59
5910,842
5229,869
1460,269
848,213
1378,134
9021,427
906,158
3388,68
3609,980
8465,614
1087,277
480,815
6943,321
5978,317
2875,707
8713,892
6527,227
8613,74
452,803
4261,616
275,338
6141,34
5884,167
5622,712
8024,625
5000,235
13,353
4676,894
4624,516
1634,579
293,224
7067,253
5877,378
5224,551
2479,323
2015,137
5194,337
3004,621
8180,389
7918,158
8386,802
7700,440
3624,616
5993,343
4847,162
4716,516
4469,181
2025,384
5301,263
4299,524
1678,223
5251,151
6553,361
5896,398
2062,183
6612,529
6299,128
7086,227
6586,35
7315,757
3660,616
196,173
5188,428
1361,223
7245,256
5974,795
855,147
4115,81
206,322
927,278
316,243
6135,176
6010,498
6109,449
8356,668
2044,214
3933,655
7553,430
1175,1034
8504,1296
3887,117
5314,493
5351,377
1656,545
2703,13
6071,372
8298,321
4023,706
5849,1355
7073,684
167,158
1859,670
7576,243
5121,79
2793,375
4996,241
7979,51
1567,411
798,328
7893,928
4135,545
1758,587
6418,173
5955,239
9,821
2367,197
1110,67
353,276
6256,182
4395,1217
2706,512
3922,983
8658,195
6845,243
7325,290
6194,362
7837,378
2631,306
6561,315
1116,886
1095,308
3776,356
2483,545
2752,234
5608,152
1263,347
1056,460
806,68
6866,71
6675,339
527,94
2411,264
4155,358
2451,915
3051,532
4671,300
4762,497
3872,222
3048,302
8126,974
7205,123
3343,921
10,378
8336,523
3207,1465
2131,256
3543,177
8752,873
3336,831
3382,487
5274,845
25,539
2471,658
1770,257
8406,549
3720,259
2720,231
4528,789
5364,536
5911,339
4920,740
4891,312
8711,873
5655,506
4456,191
5898,367
54,399
4599,162
7756,188
864,250
7592,138
6415,130
3561,160
2064,90
2683,78
1478,269
6444,163
1049,512
6121,219
8676,332
5844,459
4755,221
8009,215
2578,987
1429,463
1897,1465
3235,186
1344,216
2744,322
1856,1011
7369,307
4115,533
639,319
6405,107
4083,177
1790,200
1997,358
3282,87
2754,837
725,58
1210,346
5151,131
2514,213
1326,156
3488,382
2182,270
385,195
4968,476
1166,182
7092,148
4981,497
6383,1465
4289,49
1371,360
7481,340
4032,701
4757,363
1402,156
7965,752
1252,404
3884,249
7284,702
8523,191
1215,113
6382,318
7355,1355
212,648
3912,68
5859,769
6904,267
4423,230
8323,980
2289,249
474,408
6298,606
2339,559
4131,1155
1888,210
1725,769
6553,200
2837,1596
6108,545
5475,525
2103,469
7719,428
4005,1433
1723,214
7706,302
2959,187
1828,199
8194,1465
2041,412
5901,242
6432,453
1564,724
5399,876
7817,277
1956,99
5336,414
568,274
2108,169
6862,283
352,204
7629,209
4316,290
8330,256
1041,139
5166,255
421,179
479,231
7892,774
6550,759
4335,727
4210,210
1144,164
2842,172
3567,336
2305,471
6744,516
8514,304
6247,208
1012,567
4006,499
6445,171
215,432
1777,110
4965,354
534,264
284,401
1404,233
933,158
6843,219
3357,492
4482,171
1903,242
1008,626
801,220
3327,188
1176,784
3568,304
3482,690
983,178
4798,246
3232,167
7163,393
1597,399
8840,95
6449,194
5747,245
7336,783
963,414
5895,261
8690,838
1926,570
3460,188
283,199
3696,237
2620,399
3495,545
513,680
6643,440
6924,211
2478,743
7208,273
5231,661
5338,1442
6680,127
5639,515
6257,70
3042,48
139,214
1257,353
6169,422
2955,269
4105,339
5845,446
3553,339
1302,67
7048,342
3170,725
19,811
4132,404
8469,580
5765,180
176,694
6241,304
3238,262
5153,150
5454,1212
8362,828
7101,912
1044,624
4693,697
3169,235
891,201
3606,265
4946,757
4985,286
3029,173
8114,714
4858,242
2442,1102
7662,399
5982,200
3958,687
3384,374
8847,441
3366,233
2309,312
420,135
6160,219
2960,764
8335,110
2140,508
4371,230
7879,904
3805,514
2622,329
1095,523
3544,520
6262,229
5333,413
810,67
1737,304
3782,440
4077,91
3471,388
5818,1065
6515,469
3677,318
2719,79
6669,1465
374,96
1075,168
3564,714
2604,238
5144,131
2096,148
6482,204
3979,422
6111,140
5317,657
7087,378
6249,38
2982,261
121,253
7240,136
1661,396
5996,138
3967,823
3641,491
854,83
4014,688
8018,873
1763,546
2129,132
2055,62
5204,188
6099,194
2272,566
1557,393
6917,464
5821,901
6923,1478
3885,484
2534,119
3410,124
6651,762
2443,350
1040,958
4838,327
5110,351
3711,259
4406,106
8033,602
8823,343
5843,714
6411,114
4796,726
5218,444
4841,1023
4442,1465
8024,147
8446,331
1683,1014
843,237
6464,406
7153,35
2535,332
8333,734
5183,536
1052,1465
2502,310
5950,651
4296,616
1959,1210
5917,232
1294,363
4912,440
3294,383
3788,440
832,639
6954,772
6273,378
8780,285
8512,309
2434,754
7109,350
7534,745
4244,742
1313,311
744,407
8107,1217
2197,32
20,449
3185,287
5930,272
7950,136
1067,904
1660,428
6787,208
190,55
677,197
1142,139
515,124
7078,48
4729,81
6522,314
4428,538
2630,200
6132,356
535,164
4397,282
6847,822
1664,769
3365,339
3012,465
5432,46
7716,279
3830,516
3649,283
560,412
351,196
5305,86
4099,210
1920,729
6482,363
5948,88
666,590
6530,163
4080,447
6603,545
4491,358
57,312
4134,156
5427,670
4435,357
4799,945
1314,408
5584,95
2161,83
8626,377
872,360
2443,336
8074,511
1389,236
3799,1465
1713,404
5856,464
287,170
3423,731
6435,556
2355,255
2658,109
6651,1465
7121,212
2475,834
3301,215
8403,185
3253,103
683,189
5100,591
8448,425
3093,132
8873,723
7213,349
8139,616
2802,120
2262,1070
1638,390
3226,23
5124,161
3780,188
336,154
1430,182
8542,282
8624,506
8142,700
2146,234
7412,393
6621,273
2168,267
1035,373
2950,730
2824,867
6841,372
3393,204
1967,333
5858,342
133,381
8452,915
5732,909
1866,375
131,281
3558,497
2185,127
3322,456
7973,887
7314,564
4708,219
4634,559
8616,107
3883,23
1417,187
279,41
3466,22
84,194
1403,139
6638,380
4024,114
7703,615
1553,265
1690,156
2940,332
2808,656
1493,517
8264,482
8384,320
7203,202
7463,549
7503,1151
5452,415
8243,219
2799,1053
2543,293
1106,789
6060,681
1623,719
5241,1286
1086,178
5952,164
6536,173
154,348
1594,421
4151,408
8391,149
956,359
5289,732
4662,342
3354,361
3585,366
1989,379
4854,264
5212,1147
765,74
2268,262
5301,211
3381,542
6492,616
2021,177
5139,392
3938,227
2278,641
5181,657
2841,319
1969,18
6814,441
390,258
4711,313
2954,466
526,146
3721,259
7845,427
5262,424
4203,389
4058,786
7801,164
183,218
6386,305
3532,81
4238,714
3779,514
3624,379
2943,508
1226,776
3172,515
8096,248
6531,136
7513,297
8841,765
4477,531
240,253
4323,1083
3779,356
4540,357
1516,1015
1090,786
6080,105
6414,113
194,301
6960,324
1314,236
8326,734
1754,773
2532,378
1203,788
2456,212
3199,623
2919,483
4623,181
7652,502
5530,414
4731,117
6371,20
1845,517
3398,1116
7460,483
3048,665
2560,327
5736,395
4731,81
6780,402
5817,652
3499,67
6805,577
5420,776
5921,205
7969,803
7809,292
151,67
2249,410
6430,996
4598,63
5543,356
4946,264
6394,571
1984,293
3215,385
5363,535
382,823
3002,81
21,145
1005,86
129,600
4257,557
4459,688
3879,67
1990,396
2199,312
5851,288
2452,1398
5274,276
6880,1440
534,96
633,215
3403,235
4384,681
1931,93
6739,204
7321,263
3334,156
1764,129
2504,495
2899,401
6795,545
1435,125
1852,373
3823,138
525,691
1589,252
696,748
8665,950
1865,371
1814,97
876,93
802,214
1797,12
2768,497
2200,302
1349,226
3539,352
978,70
8415,319
5143,279
6407,406
7274,681
3932,1465
815,1425
6542,836
1152,302
2879,813
6176,141
24,622
5918,381
1036,643
3957,470
3549,339
184,309
5335,1016
5947,878
3808,681
6732,556
585,283
8124,762
1303,252
6348,260
458,641
5568,473
7632,339
5891,785
3347,559
6601,589
7179,185
5762,413
6208,220
1373,235
6291,773
5214,769
2333,168
2618,43
3066,134
2021,300
1715,623
2147,130
7189,717
1607,193
3648,276
1739,217
7543,2165
3628,219
5713,479
2938,137
562,154
2666,208
5419,27
5575,757
7674,753
3856,744
5249,492
3127,181
4090,688
6203,805
1287,678
551,651
3594,996
3758,259
8073,511
1264,311
1668,224
2823,277
3041,339
1568,272
3043,339
985,341
1167,765
6034,740
1139,318
8526,141
457,149
2046,128
3589,1465
944,100
5995,299
7787,1465
4271,382
3508,592
4664,538
5630,389
4554,503
4667,418
3899,184
2227,654
1805,494
3295,320
724,631
4929,394
2076,73
7993,722
733,655
766,753
1401,181
7789,282
5473,785
8230,1094
8646,586
5458,1438
7031,470
3468,714
2763,770
5991,242
3898,217
6490,232
6815,416
4641,1465
3425,743
371,67
5659,174
7167,339
6892,274
4013,718
2853,172
5155,83
667,499
5230,171
4765,311
8034,201
734,439
2689,112
1806,472
5070,427
2593,95
7205,832
987,412
8250,622
2925,94
2791,303
492,228
4934,365
6865,502
4314,770
8287,378
958,84
5818,30
6462,523
5307,181
3917,230
1686,719
4183,497
490,239
854,180
5296,158
3159,614
5061,405
4888,693
3441,427
7280,78
5952,194
161,214
4214,233
4517,62
1354,398
1272,273
4111,1465
514,944
9030,831
6679,483
5541,887
4258,557
5841,932
3127,86
3993,156
3913,230
493,134
5800,107
6725,314
644,336
6011,1433
7218,754
6896,427
5615,291
5289,339
6766,863
5298,492
8424,740
7424,211
4487,125
2999,294
670,653
1307,161
289,89
1743,326
2966,1217
7779,466
1724,297
7444,677
4552,80
4260,266
5245,1004
3179,957
4150,609
4414,774
5365,450
1896,382
1256,706
6354,260
3577,133
2908,809
5750,133
6481,512
8129,506
2528,1398
5957,128
7011,820
1960,266
7195,519
245,91
4215,178
6798,225
2529,93
1426,763
2895,571
4668,154
461,763
5863,178
6691,389
4104,61
1595,455
4548,240
7175,1465
3622,219
783,136
1241,180
7804,356
2083,270
3661,219
2294,564
2805,733
7112,463
1655,307
2105,418
5609,405
8603,245
6979,142
7147,199
4679,211
4753,137
5705,583
7342,1478
8872,400
2327,250
342,159
6281,182
4166,459
4351,241
6863,1420
482,167
5510,1106
2168,95
418,1090
3538,296
1332,610
5780,1065
7889,335
6077,217
3497,714
7554,182
5577,459
4436,333
1801,1420
8413,420
1275,242
8493,388
2374,140
775,610
2316,117
3272,150
2723,843
1748,521
6574,463
8145,277
871,194
7218,167
36,638
669,205
7082,214
4668,736
5591,34
4413,607
3601,153
5320,681
7098,89
4514,322
6522,544
2209,145
4897,282
4632,260
2832,161
4685,542
1049,539
5666,170
1459,574
3567,109
6505,315
4169,1416
2028,72
156,254
3928,478
8077,270
7669,430
6322,204
7629,267
313,127
495,239
8837,744
4616,654
2610,448
1317,233
755,312
1220,311
620,718
742,427
834,158
4397,638
6213,553
8253,231
6052,236
6434,558
8675,674
7870,977
8430,235
2246,978
1831,542
7232,316
2588,99
432,574
7409,640
3612,700
2446,299
1392,188
67,637
344,430
2896,631
7122,297
1225,330
5305,897
1686,480
1734,652
6728,432
4782,714
8542,130
1118,200
6544,362
2148,225
467,206
1353,291
8124,218
7060,413
3194,98
5951,493
7742,888
3692,274
7656,463
541,205
968,143
7612,380
4003,572
2108,383
1137,250
2549,725
3094,124
5798,165
2682,217
3540,402
270,80
1227,188
8214,559
5429,132
134,361
3395,699
1047,386
809,346
5490,854
842,804
8524,321
1979,239
1860,391
2482,259
2820,1131
8692,614
29,855
1375,176
4047,643
4726,427
8715,1217
3670,389
3306,124
8175,1355
5378,645
7028,1087
2811,567
5826,377
2584,482
5243,741
1970,231
2851,253
7142,390
174,97
3749,367
7712,114
2775,436
6769,234
4030,444
7607,244
3976,713
1186,50
6140,666
1453,239
1135,1484
2086,91
6891,339
2398,387
1236,67
2444,537
4283,445
419,188
2431,67
5423,389
7427,542
2771,207
720,335
3750,894
4066,797
2581,487
2226,769
1657,220
3765,136
4666,536
2728,384
6845,873
4706,714
5290,95
3972,685
5238,342
7784,553
2171,169
3639,724
4665,666
5088,534
2216,192
5478,276
6657,295
3233,238
4269,544
4382,681
6904,1192
745,1797
4710,466
1192,351
5176,716
397,93
1286,90
6550,222
5723,1132
4813,406
2281,326
7135,1022
5502,985
3472,382
1565,339
251,147
4792,402
2570,189
8564,406
196,683
5192,533
932,305
1980,159
8617,915
6518,1465
5757,959
800,705
7609,531
1785,101
1293,424
7867,1039
3525,497
3921,303
4625,299
1076,127
2433,223
4889,440
6855,325
702,71
3123,914
1610,837
821,318
5783,67
7047,269
65,110
881,90
4713,123
5761,171
3869,162
6534,463
5938,135
4784,714
6717,357
2070,539
5457,297
4152,223
862,445
4605,402
6701,420
5633,531
4487,67
6082,327
2337,559
6620,851
2670,698
8153,188
8151,446
8511,821
8052,174
6306,331
2363,1266
6907,250
4235,707
4044,714
4508,488
1676,306
5325,495
539,233
4828,616
6900,313
4124,669
847,158
7674,378
6490,450
6984,392
6889,389
195,112
7129,194
4581,449
627,147
5648,840
6201,314
548,262
4380,838
4601,844
6224,114
1362,80
1436,235
8320,811
7500,307
7243,1465
5403,771
1275,422
5146,151
8334,130
447,232
3323,986
3694,706
1872,240
8678,209
7874,1065
6090,915
8494,398
2292,212
4518,304
716,828
7849,513
3515,378
399,239
7471,244
4756,360
3957,792
7488,384
181,146
3895,232
3557,547
1276,339
3050,510
8505,383
1442,258
5357,347
418,383
4747,766
2616,236
3558,167
7730,616
8689,163
8066,494
7515,253
566,522
5754,1010
6242,317
7246,1465
4650,255
1060,208
611,217
813,105
2193,305
3592,277
29,316
6501,496
4707,137
1184,211
4250,387
8152,1465
2673,168
159,347
2250,510
5552,459
2441,148
918,503
616,183
8894,423
8090,352
6894,721
227,195
3106,509
4183,334
6793,595
2701,659
877,137
7114,300
5666,1223
425,400
1022,198
2230,1089
1729,191
1981,139
3102,848
3865,115
6837,561
7304,667
1456,226
5986,778
6116,823
367,160
6193,1147
152,284
6520,299
4318,534
1720,844
5810,568
8553,270
3909,79
5969,217
5237,538
5944,234
1710,641
2020,221
1350,103
5654,1221
572,155
4304,667
7944,660
4089,788
2399,221
3879,158
2548,209
4262,32
5149,233
3125,454
8213,757
938,484
4114,167
1804,296
2231,655
1938,465
7512,125
4628,592
3429,62
3822,167
1061,227
1364,44
4523,141
2915,251
3847,651
8150,349
3369,378
1911,341
2647,26
333,133
6200,693
1526,473
2761,950
6363,130
455,711
2054,18
3121,150
7252,278
1419,224
2008,328
606,758
298,149
4486,324
4343,1197
3945,505
3306,678
8216,1465
3202,449
1534,741
4954,235
2149,105
187,189
8160,566
8630,255
4595,319
3523,497
4489,304
5979,350
5691,1082
5196,232
455,188
2092,388
8196,382
5583,210
6737,382
4864,391
6774,407
8476,710
1700,1465
5255,994
8382,1582
3533,951
2686,256
580,520
4574,92
5366,175
6270,78
6047,382
8239,533
1576,342
1361,221
2700,112
3518,891
2361,135
8714,1217
7189,198
6130,409
5598,419
6409,93
2162,354
1407,188
1803,73
3269,109
8461,657
4562,417
2715,425
517,661
7803,126
724,1772
1318,113
5942,547
5907,184
1461,187
5328,232
5426,306
5785,19
1106,110
4718,533
8238,283
6649,1217
165,136
304,233
4021,350
7078,791
7992,350
4225,155
8447,61
5968,217
4029,1185
5524,203
4217,378
4100,183
5154,226
1764,81
2328,324
7459,689
7664,545
1857,707
2110,526
8230,1478
522,263
706,1465
1957,669
8466,616
3500,117
7855,129
8109,212
1230,740
6623,740
3396,327
16,448
7542,1308
2194,279
4757,82
2354,161
4133,130
7837,757
4130,736
2075,93
7081,179
1341,141
2892,491
4625,516
5233,803
4086,242
6687,389
6554,754
4789,337
1334,313
6086,159
3350,559
4903,356
5984,715
8260,543
3706,259
1257,174
37,617
3988,520
2182,196
267,188
8464,736
979,388
763,215
2668,145
1532,365
8292,778
7517,175
510,224
8498,218
1380,91
6840,892
8712,903
3703,259
7198,888
5861,996
8439,497
7916,648
1678,259
652,306
2492,406
210,215
617,377
1583,396
5763,152
8507,367
7761,686
2730,569
6334,215
3806,537
6460,166
719,539
7725,298
1958,378
612,304
4511,197
2883,269
1468,102
82,291
4834,382
5121,226
964,181
980,282
2575,295
1690,754
2843,266
1679,733
6375,106
5777,594
8355,272
2723,621
3463,427
7364,391
1362,192
8170,215
1198,219
3067,119
9007,347
8363,342
635,408
5731,450
6003,1465
269,78
2102,432
2239,319
8874,405
3843,181
2092,155
6576,133
444,323
2710,413
4962,368
2219,320
6918,178
8294,413
5106,326
3615,769
861,158
1512,209
754,238
3726,259
7225,251
940,337
3852,505
2313,207
4148,181
52,179
2500,470
8485,879
497,216
2061,152
5403,361
6776,564
4178,619
7520,260
1226,140
3206,1402
7707,318
7037,1006
7143,208
3274,213
8048,546
4970,159
1219,250
2362,260
1405,224
4684,399
6768,236
1660,494
7079,257
4198,654
5527,456
5511,625
5797,162
7017,740
668,379
8082,165
7689,139
260,470
8378,311
450,112
8050,412
1829,500
5873,194
2294,351
637,210
6509,1003
1962,274
1455,196
978,380
2136,383
3970,463
736,306
8703,219
1881,446
8593,633
1703,1465
2091,139
8088,960
3167,172
508,301
4026,750
321,178
7863,513
5469,421
103,552
7578,189
6870,156
4092,127
7732,526
2768,768
6093,915
4335,443
8602,419
4947,302
1412,227
2250,253
3309,238
4582,573
4488,375
4846,211
3670,274
4359,471
430,173
3365,702
6900,705
6659,62
5441,681
1284,190
2277,258
7164,260
2667,133
7723,205
2154,1000
8040,254
777,635
3052,726
378,356
4489,214
666,172
4181,588
594,164
2611,145
157,146
3909,73
1699,583
7758,663
788,628
5941,133
8718,737
3636,219
188,270
4603,308
8548,427
3377,434
2823,366
5592,605
3412,260
2106,67
4289,726
1480,162
4240,280
6417,141
4720,368
2569,588
7984,390
6865,630
6741,402
8199,519
4812,106
8180,195
5169,237
2376,367
8855,310
640,641
2366,1465
4073,81
5215,721
5174,190
5614,359
7157,337
3402,309
2481,173
8692,860
7343,181
4631,93
5879,662
7710,497
5505,758
1499,199
3050,731
1549,816
2385,724
778,786
6474,164
5645,319
2207,377
6575,421
2893,390
2368,705
2269,405
7368,488
1671,364
5710,458
7983,713
4943,304
3975,1269
5312,409
3462,714
2874,129
1601,285
8440,663
7045,500
1553,460
5345,497
3397,427
2047,539
2517,64
8041,188
573,87
5934,529
7327,232
7644,312
1430,412
8443,773
2415,191
8005,212
5581,122
7366,418
1658,183
4723,857
5207,759
786,67
1070,408
7532,325
2505,309
6682,410
4721,339
4029,612
1841,1279
8351,80
1167,360
4065,763
1747,1896
2360,209
462,285
879,55
4657,175
9042,228
5006,316
946,396
2713,212
8394,911
258,305
997,274
6568,244
1913,861
1374,202
6454,228
4629,629
3549,410
6555,532
539,242
7305,345
4693,355
3872,448
1373,152
1180,218
7394,312
3229,542
2565,706
4641,723
100,239
2371,440
630,181
3416,134
3178,921
5451,575
336,165
4529,304
7562,384
7584,241
4877,804
2512,341
702,505
2889,245
1245,443
7536,579
4142,722
93,158
3605,397
1694,893
6754,312
330,183
2205,248
1490,412
6604,105
2693,234
2861,287
30,342
68,998
4486,204
5252,313
991,185
668,898
3797,524
7548,333
8445,668
5466,258
1892,525
370,383
5047,318
7749,396
7844,507
7439,377
7895,334
484,254
1586,394
1515,233
1131,161
1588,842
3907,479
1855,139
170,158
5593,253
2146,332
2122,143
8011,258
6244,304
3930,1465
2147,795
400,383
5790,113
6605,275
2116,228
6619,748
2307,360
6405,234
6236,1465
8132,1122
142,299
6211,277
6949,233
2642,334
3374,185
4828,199
7097,174
2672,161
4639,255
4561,148
5992,377
7041,398
2027,92
4362,686
4735,450
6037,822
1001,407
8061,236
7191,497
2521,113
7371,246
7475,175
7620,211
8852,229
2091,139
7497,208
255,414
1008,251
4950,1217
690,46
2837,153
246,11
308,179
4187,497
530,132
6556,539
3550,595
3397,321
2426,432
4147,313
2304,235
4521,89
5549,531
8316,447
4370,1312
6747,476
519,264
169,111
831,217
6178,204
1966,247
7729,224
2257,1081
3960,256
3279,146
3937,156
2202,127
7501,1411
6998,59
2864,254
3971,447
5598,655
4015,750
1469,155
6008,428
4287,185
2767,844
7608,324
629,207
2142,512
4037,758
6466,500
3866,189
3906,86
465,196
8449,705
3259,684
8854,649
5468,454
292,87
7290,287
1043,1877
4894,524
3497,545
2464,477
3035,291
3766,139
294,190
2828,392
7567,112
231,564
6881,183
8079,796
7177,333
7936,672
1217,163
7519,228
7527,943
5185,603
5905,375
2038,192
7523,157
401,228
5331,197
1634,798
2409,510
2145,151
6346,784
799,710
2299,228
2383,321
6173,757
5115,93
1793,217
7154,774
124,237
1517,307
1438,1465
6468,613
2369,301
3571,500
3459,298
6818,318
1879,382
5499,425
6039,998
2488,406
4471,492
4060,348
3640,614
7211,277
2180,80
3851,1582
6634,497
3508,189
2944,427
1194,197
1277,138
2921,721
5887,770
7632,62
4408,502
7649,241
888,216
1338,160
4158,1010
7780,245
7716,589
3291,192
830,199
1339,752
1658,145
8211,78
81,162
4262,404
3213,500
3533,348
8083,608
4038,349
8626,617
6415,171
513,145
7114,656
3038,325
61,204
2782,274
2095,143
4033,588
2400,674
347,170
2500,379
4117,154
1936,437
3013,293
2897,576
5280,1011
3435,561
2629,122
8509,909
6449,165
1013,131
2067,175
3239,52
3906,531
6662,1393
5971,178
4143,556
4502,423
190,762
3272,15
1646,1261
7872,356
1136,518
360,92
690,1465
3712,259
1795,457
4272,516
5522,603
2512,1028
4445,768
506,163
5395,854
6816,1355
3155,305
1651,220
1853,208
5933,115
6521,359
3846,190
8178,1322
3303,78
1035,720
8222,957
2379,521
7162,406
3408,382
315,477
2101,228
994,561
6520,1478
5799,166
8166,167
5503,1355
831,958
6255,212
7880,256
2866,377
3392,382
453,44
6207,120
7585,206
3889,244
4386,59
3984,746
671,794
3311,241
5848,501
7362,257
2721,910
6856,664
301,241
4604,249
2669,211
6459,547
1409,57
7582,99
5985,369
1987,274
4429,1433
8713,1465
7032,456
3742,364
6637,386
4342,459
2853,773
910,104
8119,980
1235,174
4537,100
7862,673
5964,326
2315,775
1402,224
3463,658
230,981
6137,1465
7807,179
3623,614
8027,222
8133,853
8120,365
8861,373
335,106
6875,115
3877,79
983,140
264,206
1130,1421
2665,29
98,608
2876,869
2109,307
6774,757
1856,441
6430,1249
7726,556
8022,496
229,294
764,230
8594,650
2276,911
3824,562
3088,451
6300,284
3138,649
915,410
7074,254
3979,999
3866,86
5131,200
8495,140
3814,70
2969,421
2921,735
7894,447
7953,479
8238,1528
7697,765
3946,666
7824,11
1149,1465
1857,259
3018,198
2667,94
427,158
5544,67
3842,343
349,273
1100,107
8633,508
2141,110
2291,164
3632,219
3978,433
936,476
2607,155
4695,288
3504,792
5563,498
995,410
6266,326
1254,487
1714,820
7556,706
3908,662
6782,615
2119,132
118,243
3344,912
2475,187
1654,1152
8479,126
2878,574
5341,189
2993,690
5241,961
3865,481
1762,138
2384,302
1301,425
7112,573
353,126
152,180
5136,306
8034,506
79,307
2648,138
305,187
3267,36
7930,494
2429,1484
5813,1199
8480,341
5071,560
3319,251
2633,82
3165,217
2970,462
5058,700
1833,339
3270,316
1640,186
5491,450
504,133
4532,339
7339,1465
1772,253
3010,1465
2841,288
2727,127
4266,400
4179,162
5977,255
4677,879
1196,775
3358,500
8648,512
1399,196
6149,1003
6416,179
2097,162
1011,445
896,151
4325,440
4783,714
4941,293
1827,175
2043,173
7589,279
4951,564
6697,265
1928,377
8080,242
3298,738
7311,1465
6634,299
1888,1465
6365,130
3293,233
791,208
290,92
8646,114
701,146
6308,1440
698,403
7633,61
6125,910
4348,167
3486,287
2881,517
3493,545
819,28
3470,427
1875,311
8393,473
4261,831
1003,500
2695,132
2195,538
1992,336
3160,682
974,360
6564,330
8772,930
3350,66
7259,182
4199,764
5822,759
5249,943
4431,578
8638,760
7013,838
1040,294
2586,67
1013,53
1500,260
2579,880
7221,245
5670,80
6588,227
3700,998
1345,412
436,399
8148,227
3288,260
3492,61
8220,497
632,124
8352,204
6910,325
4287,145
1629,601
4684,510
6803,228
5773,343
2239,569
4886,415
5832,373
6069,236
5200,428
4976,576
4127,331
5931,538
736,703
6713,282
7036,819
2244,845
2613,23
242,113
1858,218
5651,759
1769,293
2820,222
7487,380
5139,200
8618,359
3672,295
7095,1052
385,293
1164,484
8828,407
3204,109
8442,681
2600,460
2676,193
8017,755
4135,550
6847,399
3368,723
2332,376
46,181
2212,113
2331,559
2437,406
182,76
7081,398
1004,166
7988,296
4697,246
1584,435
5604,496
4826,219
4535,714
7069,188
5238,966
6733,285
2191,125
689,898
6345,467
3256,266
2562,569
1472,254
1895,241
5584,546
4071,719
3419,203
8612,206
613,41
583,126
1368,230
8314,741
3875,234
529,141
4125,831
6370,240
162,120
3991,343
7184,349
6122,478
1968,74
138,584
6762,668
6276,208
6167,196
8432,33
7076,645
1935,1006
1652,620
5343,275
1884,1001
697,358
4172,731
1939,883
5298,663
2388,345
656,295
2544,713
625,96
3975,1896
5908,516
3476,77
5838,940
2495,14
4433,418
8447,466
6997,26
4928,226
7472,566
3183,546
1122,92
7089,210
6513,965
21,579
1580,761
2039,304
2695,302
1213,179
6024,176
507,231
7793,945
2548,310
6057,497
2405,362
2001,200
3748,373
2755,1425
6164,367
1670,663
2258,705
406,415
6777,362
6137,316
1315,1433
3101,141
6461,1120
3871,273
1099,773
8023,892
1846,707
3440,225
1369,168
4409,309
638,55
5453,804
5957,745
3878,199
5210,337
4118,252
2891,216
111,145
2339,114
4663,143
2329,622
2583,330
3869,184
202,224
7645,270
799,67
4746,156
6016,362
6599,364
4276,231
6507,1465
1817,339
4061,87
1622,560
2278,200
5725,485
4281,614
7201,513
5039,279
3401,132
3614,152
6428,337
908,208
8272,358
1593,396
5940,318
1878,872
7099,1465
8511,646
8258,571
291,242
7397,267
553,281
4372,294
3321,295
2040,139
2144,97
3201,283
5840,377
8097,447
8565,347
3560,151
1434,408
5369,799
1312,905
3283,219
7604,223
2510,202
5061,852
2411,388
3656,647
2457,299
6652,340
5408,582
3715,259
8487,37
2436,267
1868,294
6744,691
7647,562
7999,226
388,197
537,166
8658,219
1321,744
8596,138
170,229
2069,105
1570,833
191,227
3815,757
2302,714
5075,250
7499,239
1745,1465
6316,141
4738,281
6874,99
271,55
6274,378
6251,195
2985,1465
8480,329
555,462
2061,159
8030,264
4045,756
3961,359
7946,299
8265,1925
4694,268
3148,540
900,438
2234,362
157,605
5475,682
1681,550
408,227
691,132
2438,357
4778,429
7420,282
3251,190
4917,197
2281,551
1656,999
6748,774
2362,1465
3246,143
976,253
4094,252
6471,333
4502,156
6006,390
7416,239
1771,998
7657,657
523,744
5825,89
3778,356
2253,749
3912,137
5135,79
4571,130
5146,151
3541,371
4898,740
2487,92
4458,338
2626,181
4129,630
715,1484
4702,456
892,87
3842,67
4749,709
2217,137
2886,282
6978,283
5911,1478
6738,535
2093,144
1998,143
4585,370
3420,364
6797,333
6165,290
5437,224
5003,539
2888,342
556,175
1785,339
303,232
2683,181
5434,333
4378,1217
4303,261
2833,374
4498,295
495,463
2736,252
318,202
2735,221
4803,293
4956,235
7147,795
629,619
5803,726
2796,334
3333,683
1944,155
2772,205
1272,231
4642,740
6359,159
2254,563
6178,377
5137,699
4751,615
8464,154
4978,574
2430,150
1148,673
6804,592
5345,263
4480,657
1742,438
7293,362
1621,288
7137,111
5514,320
7575,109
4188,166
7207,714
3011,463
7783,110
2760,510
7514,494
5854,335
7498,203
3887,235
1191,163
4500,341
8188,1465
5847,412
962,383
1920,800
2099,114
6680,616
6440,846
972,274
2966,149
2635,175
5022,670
8054,1440
3317,258
726,205
8379,302
5339,1155
941,360
5171,151
6612,507
3409,259
993,52
3315,258
4661,816
148,173
7591,58
5387,581
213,111
5967,995
8035,225
2343,158
4934,411
7426,314
6479,232
3791,440
1861,691
2287,319
1812,328
7154,92
7432,1465
7638,182
198,252
28,229
2128,620
241,48
5802,475
9022,81
319,181
3310,191
8113,642
2197,335
1510,417
6912,293
1129,447
3732,259
824,207
720,1648
7898,253
2111,23
1197,225
2177,110
2839,406
3476,573
5263,427
4550,91
6,222
6145,745
5221,714
7256,163
818,325
5708,468
4810,47
4355,342
1425,479
2794,305
76,615
4969,363
3705,259
4980,556
319,188
3032,266
3612,216
6396,471
8241,485
39,286
348,231
2059,126
1022,802
3039,167
7183,684
8137,512
7437,245
729,296
1263,135
6312,1440
2364,500
411,195
4646,463
8639,305
4405,91
8200,254
4790,625
3595,631
1438,233
1798,261
6161,345
1951,205
2709,757
762,586
5352,1797
6431,205
8236,134
3224,145
218,366
5875,454
5687,369
3844,67
5148,135
3517,161
8139,516
2403,199
1687,206
4209,705
3069,139
5751,319
6026,100
5445,684
6171,389
1051,195
3807,681
4630,298
5129,249
2391,632
5355,347
1810,147
3464,544
8105,1427
8722,564
8637,569
476,95
7388,1266
2764,837
2789,314
4939,263
6835,568
2334,691
7359,334
5265,583
8683,309
7993,490
8190,423
6748,405
4533,337
1201,209
5537,268
8533,174
7769,370
5265,202
2324,196
3146,305
4704,487
6527,143
952,219
5032,640
818,164
2030,183
1742,944
2463,908
1417,177
8078,754
6584,336
2082,461
3214,1465
4791,384
380,158
2390,371
6688,413
8303,171
6591,122
6719,511
2807,254
746,670
822,139
439,705
6413,106
1513,217
2985,573
1993,428
4947,757
2871,112
643,343
1782,497
6343,115
789,457
2089,375
4905,312
2510,199
814,67
1667,510
7117,205
2296,328
6988,737
6198,677
512,540
8215,1465
3301,327
4627,602
8525,299
2341,494
5335,278
6249,87
3330,207
1608,553
4042,454
360,230
3125,406
1254,221
6117,533
6330,284
5489,444
2732,82
6631,660
4043,427
8622,454
6309,266
6863,452
2321,582
3285,67
5850,397
1370,199
8747,322
3953,710
1728,71
2479,374
3491,714
8090,221
8676,130
4190,403
4044,516
4422,55
5338,580
8283,451
8206,671
1434,145
7587,732
5178,1045
1813,225
761,80
4221,297
7916,455
4910,356
2522,653
2705,228
4321,800
6953,1355
6114,379
5768,320
2152,602
2321,419
1195,648
6293,516
5882,81
5496,113
659,579
5214,247
4685,185
1514,160
4174,270
1906,1465
1109,341
2300,584
1756,838
2154,383
15,454
6198,565
12,297
8,398
247,282
4286,152
1540,701
595,403
2335,180
6199,723
5343,500
4794,698
914,203
2426,177
6890,339
6968,135
3734,259
381,75
5527,317
5566,217
2663,23
3920,174
7108,146
5787,171
3554,586
5767,43
8528,157
8827,893
1825,792
8584,463
6243,304
6652,744
6887,1526
266,205
494,191
3367,671
493,413
5756,984
1269,216
3635,616
2363,170
6541,80
7722,268
3297,251
5125,151
5745,792
1286,415
4347,1260
8897,390
3575,706
5356,727
334,165
8209,184
1568,296
7631,339
6163,587
478,217
5680,445
1591,403
1118,148
7782,440
2595,401
7038,871
7457,252
4110,81
5943,123
5517,427
2788,251
5718,403
5802,186
4056,306
7558,226
2004,270
5951,112
1722,545
4293,60
140,217
1066,182
3467,202
1449,203
6513,126
5086,622
6112,189
8613,349
1236,211
3915,76
7224,297
5185,637
6959,300
8263,443
5555,879
1695,691
1638,252
5894,207
8032,666
1478,356
5789,383
5228,417
3353,393
1711,475
1327,769
6072,483
2951,349
8249,978
2242,386
5195,44
8353,128
3259,188
1161,191
8102,913
5393,305
7142,129
6301,331
1061,250
7061,195
2220,131
5900,996
8091,359
3509,328
9041,167
7599,151
3695,252
5980,123
1517,267
8053,223
3841,67
538,91
1073,74
880,759
283,239
5837,443
8273,546
591,427
2527,343
4619,742
5050,823
8094,372
1904,777
3740,259
8516,167
1964,221
989,77
5627,515
5956,277
7619,1002
6504,221
8382,820
1290,432
370,106
5793,235
7075,228
7237,300
7006,994
1064,532
5495,405
2649,134
3862,73
180,199
4166,185
7493,474
4682,213
5161,699
8257,571
4040,361
3288,228
3415,701
8115,267
8146,376
6605,365
3796,59
6171,144
1994,67
3234,191
7856,130
5960,483
667,302
1062,307
1565,723
3252,926
1453,255
458,148
1950,313
4032,607
598,188
5156,150
1733,606
227,426
2590,218
5308,337
1155,576
7429,375
8205,136
5569,906
7059,1297
6164,41
6849,267
2666,145
723,763
6561,913
4692,816
1537,447
7185,366
8204,242
3300,383
7947,565
7000,839
1664,665
846,366
742,740
5520,333
4120,232
3556,81
5216,981
7219,879
1216,122
1152,94
7410,355
2615,26
8573,1217
5642,424
4670,228
848,268
5331,408
2229,418
2880,342
2521,211
1750,504
7349,495
1319,585
3929,180
684,657
6170,564
3302,185
1053,288
2789,518
4621,558
1669,1032
4804,288
6996,241
1650,222
8496,374
881,318
3309,724
3298,383
6477,204
8400,559
6548,67
2731,79
2451,238
971,140
7598,269
275,232
6970,274
4782,483
1427,225
8556,332
1053,651
4944,269
327,254
2498,133
200,736
7278,941
4150,116
2347,177
8162,161
1684,348
2346,1478
3001,167
570,739
6157,786
4525,155
5188,440
7925,75
8055,383
1558,558
1978,95
1210,202
3719,259
7750,484
6696,480
7390,389
5340,1216
1498,444
7786,313
2585,329
7083,171
2342,260
750,142
198,241
2564,412
2448,303
3974,725
7495,162
1278,751
8540,150
1813,89
2436,497
8462,873
2778,279
5201,265
2003,169
6163,688
7187,315
1388,202
1260,374
253,103
7537,314
4,269
6176,289
6738,389
2817,290
153,597
4579,156
5348,711
820,67
3457,142
5979,172
2113,115
454,158
3807,67
8135,331
1055,235
5205,568
3325,329
1255,394
3617,756
54,227
5664,327
368,50
4490,173
3518,85
7055,67
295,207
3060,110
6209,751
2505,238
7482,433
550,144
3813,564
1930,487
2115,228
8572,385
7860,241
5213,223
2978,325
1104,90
2156,782
8305,204
8460,307
8611,700
4551,224
7531,233
34,368
5771,337
3951,883
8661,739
1439,234
1390,145
3426,341
4897,1074
5773,228
6551,713
4200,755
5234,492
6469,487
2026,123
7555,288
8068,983
6703,756
8229,196
140,508
121,196
8040,364
8001,821
5270,636
42,582
1355,568
6045,1465
3538,856
2160,201
5906,709
128,67
2141,275
5909,430
4235,768
6059,681
3406,63
7901,849
694,337
8276,389
1983,67
7160,656
672,575
6935,159
6331,284
2982,910
912,723
6573,117
1062,309
3620,1433
3130,592
1376,334
3314,209
8177,86
441,274
1863,176
4660,276
3833,514
8708,196
4036,797
2714,313
3728,259
5481,576
7382,244
247,44
4714,328
3689,767
4055,387
687,452
2551,178
7673,92
6374,19
2948,395
4016,559
6350,262
7043,519
662,369
2036,131
3967,720
1533,753
650,309
6424,140
7069,185
437,574
125,228
1910,377
7816,314
368,153
3255,78
1744,320
7564,408
2073,74
106,403
4723,148
8462,840
4091,452
4050,375
3445,250
5119,335
8645,794
1200,272
704,449
4079,382
1592,698
8421,732
3388,257
6172,241
4113,136
2245,426
268,209
2252,1265
33,493
6292,82
3312,566
3061,121
272,539
7229,276
1950,97
1443,218
2784,463
4862,184
1933,1000
2094,97
4861,546
3922,251
446,949
1444,217
3421,171
3002,274
1113,492
3598,206
7831,861
8008,209
89,499
32,270
3102,236
5476,358
2663,147
5961,272
7789,356
8046,233
1913,613
5583,913
5424,622
8322,304
4101,339
697,258
3973,503
4512,94
5251,446
8359,559
7897,287
4616,1192
299,161
2190,110
2571,306
6800,236
3562,399
490,510
3391,704
613,242
1583,534
5600,668
998,194
1332,239
4913,440
8143,239
6685,475
1214,162
3261,608
1148,149
2868,156
2231,292
608,349
4591,508
5209,444
7074,261
6362,130
7302,795
3629,667
379,25
2201,175
1282,190
1909,873
3389,1398
7857,147
1353,198
3919,145
2312,788
2582,208
1539,387
2010,122
7655,191
2861,203
4035,537
8609,196
8350,233
5446,744
1603,829
5337,966
2847,178
1439,205
3363,708
3233,67
2295,708
2358,541
7613,358
1529,221
333,103
6644,422
6426,201
3012,198
4818,565
1753,764
7628,684
8349,214
2862,208
1538,234
3216,456
643,251
4,408
5682,1414
3110,374
8133,1011
3630,616
6245,316
547,464
3937,241
3406,314
3028,497
882,181
4554,190
4081,747
7641,122
6726,271
1849,373
4242,127
5054,890
3473,379
8074,286
7393,270
422,153
678,359
7451,220
2865,297
8093,265
2884,494
5891,230
7713,681
85,324
771,648
4473,372
1927,1265
917,231
2060,83
1405,152
3511,538
5702,640
6466,433
1476,70
2205,273
2163,270
6408,180
2900,188
4555,228
7688,317
781,335
1383,84
1216,232
6253,982
4802,602
8407,211
113,162
6628,660
7206,681
4064,398
1119,808
5216,486
5242,414
512,258
2947,359
1413,185
2798,399
7195,345
1143,143
8202,495
4635,559
3105,636
8851,191
1249,868
2967,547
6223,258
5680,1239
4503,111
3456,717
5603,313
825,627
3905,457
1329,163
1767,359
3194,279
5023,239
6304,332
8632,320
7167,199
2826,296
5433,273
1484,802
2540,474
6558,195
7708,466
6578,71
4940,480
3980,474
4715,526
2912,675
1237,317
5638,120
5804,178
560,140
1308,202
3901,298
6251,808
8056,167
4531,110
1977,267
5791,240
6177,727
7607,92
3570,714
8111,534
8654,570
1169,612
4637,239
7852,466
5997,396
708,682
4594,488
527,299
7981,1195
6168,457
789,749
445,184
6707,359
5786,517
58,502
6892,339
1144,1397
753,525
4180,473
3816,757
166,832
3622,108
2855,152
735,431
2669,145
3399,188
594,193
5779,715
3099,132
3581,997
5795,122
6340,241
3548,747
1039,138
3913,233
97,919
1212,225
1505,315
7296,888
416,214
6616,751
510,744
2933,641
6737,356
4215,586
813,366
4028,92
7473,583
8636,360
2576,502
8019,290
4743,406
1613,1465
2107,623
71,522
4717,129
3175,471
588,152
6429,248
4278,694
3763,125
920,314
1126,233
5294,129
6228,155
4268,171
2328,150
7608,248
4252,731
7377,210
1212,301
4515,130
357,124
3376,451
6763,458
4052,605
5141,383
8581,740
3411,375
8072,361
8437,1478
1740,738
1891,294
115,305
2971,443
6672,182
1335,367
4373,1004
6922,217
620,221
6857,444
5651,222
5572,507
2214,148
2636,181
2462,356
5906,438
7829,251
8296,321
4669,515
4037,635
1045,1465
851,342
4298,746
4389,376
3611,129
2503,346
8516,105
5876,608
5066,460
4028,275
4227,335
8316,303
731,301
6801,888
2300,522
6867,263
3521,497
3528,81
8535,32
7646,802
2011,208
6528,421
5542,781
5010,251
1862,740
6813,291
179,285
4513,86
1727,169
1809,123
8075,1016
8444,326
2422,195
3737,259
7,443
8032,267
7585,130
709,373
264,213
5842,714
2657,302
1329,127
8354,665
2493,592
1584,285
6614,614
3573,771
6954,224
4578,290
105,102
1125,754
427,641
8547,998
652,281
6729,228
1671,1240
6092,461
6547,836
182,345
3630,272
6511,207
3422,270
4267,215
5163,235
5252,1106
8377,232
4288,616
658,883
2174,121
7082,221
801,697
1783,183
6361,130
53,302
2203,482
4027,736
2753,498
6636,1152
8150,539
3276,203
7588,236
325,134
2375,201
5326,145
2469,892
8210,7
5518,778
1780,328
6068,1266
2533,193
5111,231
2453,217
5778,85
179,833
7016,1406
4763,497
1753,585
1097,119
6085,525
6189,324
2150,284
5235,337
3795,259
540,765
5809,173
4833,430
3040,81
509,370
2274,912
761,610
6596,598
8047,252
8201,270
7731,542
6418,73
7963,388
857,115
8459,801
225,285
1258,103
5134,233
3537,495
45,158
4081,384
8274,250
8392,206
5144,151
844,77
2409,102
7093,163
6119,222
359,152
2911,934
2870,218
5921,765
8226,1014
7521,206
1561,680
8404,522
3819,495
7680,1004
1037,358
5978,142
562,440
1684,644
7242,97
4103,132
4647,1063
2123,105
3329,578
722,84
877,131
692,288
2308,471
5528,1391
148,67
8849,121
2675,181
6046,206
5103,619
164,149
2515,364
945,500
3717,395
2844,251
2759,434
3342,912
7676,179
1523,617
4613,1194
2153,123
1800,130
4764,497
8208,448
6287,634
2031,340
3566,714
7954,844
5644,408
1802,83
2681,77
5869,491
8163,537
1623,381
584,811
4935,283
2506,480
6423,141
219,432
2427,806
7051,231
1395,154
1825,1465
1271,100
564,316
6225,320
4755,339
256,347
3281,288
3571,647
2134,620
1704,196
390,221
2522,169
7588,155
5202,275
8367,669
2509,255
5239,425
3205,118
5958,126
6441,232
2563,185
185,230
8,511
4327,440
7843,1228
8443,648
3891,383
5885,167
3878,989
2946,294
8219,1192
546,74
71,234
832,50
7053,419
6868,195
609,191
729,749
6486,258
4313,1465
1223,650
593,135
25,764
2323,352
3290,283
8418,459
90,178
6508,463
4601,336
7306,216
3483,318
24,780
38,63
1250,293
6831,283
3844,383
3444,265
169,254
8656,219
1705,1465
3952,727
8859,172
3867,189
8254,339
1428,757
7065,275
1367,320
6474,131
2104,67
3275,88
3092,134
5931,141
1386,768
7004,444
3968,248
2954,348
4213,522
3374,236
4022,742
7332,265
8037,484
6659,659
6056,497
4200,408
1616,285
238,426
2535,815
7210,1217
3015,270
835,823
3952,382
2256,1465
1625,442
7387,227
3556,516
6464,403
5861,677
2725,408
4801,361
5509,892
6632,497
4049,599
2319,996
4027,645
7401,1507
5824,356
3387,683
1288,544
4426,356
8652,527
2694,253
120,454
2006,326
7601,406
8056,1100
6252,1033
1692,736
1436,447
3818,757
3735,259
144,270
2416,383
1530,557
8416,1217
2881,213
8619,559
1337,253
4282,51
7149,613
3453,728
3657,614
5430,322
7675,524
5808,43
3053,152
1944,1603
807,138
8345,1161
714,171
8025,174
1539,841
199,206
299,237
5792,228
6066,313
3230,228
2233,227
7891,992
5574,583
3634,167
2432,989
3940,696
1823,404
6320,119
4558,157
3873,153
6681,270
5968,622
5270,684
6777,564
1384,894
2895,286
6260,356
5862,996
3245,389
7539,328
1628,250
3279,40
6784,764
7421,257
6532,887
8591,753
9029,256
828,73
5192,695
7042,1410
8317,528
81,78
224,494
1947,391
1234,203
7720,535
4547,106
1873,220
5801,141
606,480
2986,241
5478,1214
759,809
58,655
770,534
8629,1356
1918,835
8410,170
3894,79
1077,301
1917,633
4626,578
4691,326
4564,427
2081,317
9020,453
2236,109
6277,378
7530,720
1522,432
5623,1085
2408,722
2848,387
4705,493
3668,226
3001,647
6668,392
3499,222
7157,397
2488,182
2242,226
1498,177
285,217
6237,545
5949,124
8395,709
5163,110
1021,335
5102,619
91,1370
5631,398
4708,717
8467,381
2345,196
2357,490
1815,285
11,385
3022,331
5990,440
7352,88
5566,964
719,840
3716,1355
5913,517
2858,366
6983,307
2050,167
3083,232
62,588
1721,187
4206,346
5872,352
2393,870
6154,414
2135,228
636,379
5859,254
3619,1054
1209,199
7504,837
222,374
3610,128
8576,342
1831,516
1641,715
5143,224
6106,106
367,180
5721,1385
2807,161
2406,175
2834,122
8007,1164
1616,336
6042,1274
5416,865
8424,740
6402,39
437,189
2261,410
1606,615
3962,465
7741,429
2059,422
3659,219
7404,280
1262,241
6204,342
6083,234
1738,387
6890,155
1239,372
5552,284
519,981
3037,97
1763,344
2769,206
3065,119
1400,400
8634,558
8221,1413
2014,155
860,208
2766,470
868,194
4285,379
4833,80
2845,505
8401,339
355,540
5260,579
7998,714
4141,255
7014,841
8715,304
701,443
2561,569
919,817
3984,188
7616,427
4368,945
3935,402
3202,389
339,167
8585,774
6944,498
3117,304
2267,613
138,539
6098,341
7402,718
6216,553
393,228
3848,388
1288,404
27,414
3652,750
2854,172
8223,432
1468,793
8831,916
4051,352
7853,102
1540,559
765,770
4563,140
7235,1465
5141,250
4564,105
8067,383
9038,479
4918,739
3651,791
3931,678
5399,512
791,778
3519,514
5425,410
1767,702
5726,148
8880,260
7533,353
576,213
4664,367
7327,185
358,233
2251,1355
1261,223
2620,68
7174,106
8448,341
2840,121
5060,256
4186,149
3996,642
73,213
8525,208
4573,49
5337,743
9031,946
3307,23
5367,276
5545,493
2402,711
1907,419
4538,82
3469,483
803,67
5907,379
7104,197
4673,449
8219,119
2856,225
8098,853
2876,269
840,139
8220,395
3030,341
621,33
1249,215
8825,172
3657,193
1414,245
840,153
7635,339
3498,331
6593,215
3515,154
6463,404
7795,763
1976,156
8212,856
8375,146
3761,540
3956,292
5056,386
6648,614
4730,167
8618,559
2538,342
1365,130
2951,52
1788,339
1290,127
4705,314
8065,384
161,285
2313,378
7902,814
883,112
1648,139
4651,724
7907,526
4122,231
580,148
2010,95
3362,718
207,224
4689,310
6743,193
2787,337
7354,1465
320,146
6808,87
7076,182
7478,466
1090,190
7648,178
4484,288
5392,1376
1253,203
6032,740
5299,414
6378,111
8408,408
3658,614
1961,60
2058,367
88,257
4493,516
4809,833
899,133
1826,967
8228,290
3995,275
4069,76
7313,418
1939,744
7385,637
7244,228
7314,418
4698,196
2470,1398
5998,747
807,1465
6289,339
2474,614
1289,304
796,197
4788,249
5470,374
7389,541
53,229
1188,394
80,903
6906,545
524,403
8635,565
143,753
5831,284
3304,186
5294,408
3244,188
1041,452
2506,529
4483,421
2618,246
7297,292
1274,108
5260,320
8227,769
3292,273
1693,1484
1030,842
7557,317
6344,290
143,20
1830,248
980,169
6723,87
2421,53
349,89
7869,422
6844,873
1099,338
2098,264
6883,339
2541,358
5397,249
136,299
947,138
5375,245
581,345
883,98
3579,339
6710,282
3901,656
7735,526
351,324
1409,216
6382,794
134,267
8642,544
1112,654
5123,151
2377,339
3164,186
3870,389
2273,607
995,220
6790,801
5197,1066
4501,194
2009,190
7739,311
4900,320
7542,416
5684,421
2928,54
7007,242
3621,400
505,149
7152,336
938,109
5622,354
1649,1152
1544,380
1133,391
8397,121
3918,130
5407,879
356,228
7110,331
3217,232
2832,372
1466,199
3205,500
8327,642
6465,484
760,199
8386,462
6440,149
4587,408
239,274
5935,766
1906,137
4752,735
2569,194
647,632
1033,1398
3586,174
7491,691
6773,370
1203,710
1903,393
3720,1723
3256,147
5897,208
295,214
1682,1398
4189,56
8075,425
7737,697
6295,355
4033,110
4144,285
473,1175
6488,1465
6219,324
6493,61
1880,280
598,263
3327,824
8331,256
6510,460
7942,646
4059,393
6456,212
554,162
2382,378
3760,259
1560,620
3156,484
6255,1340
4823,735
4209,839
1394,231
614,183
7022,470
2424,163
2679,128
4728,369
5234,259
2007,255
3680,225
7596,700
8623,479
3372,499
5311,418
8993,289
1393,238
358,233
4924,228
5898,996
7357,241
3526,81
5257,709
471,174
4524,55
501,261
8380,275
2785,643
8256,400
1951,113
177,133
5459,783
2369,187
1208,181
5394,452
2978,389
3958,90
3501,650
3394,548
4337,236
1990,210
3007,105
5630,252
77,940
1798,109
2037,110
6593,578
874,760
4853,433
618,193
3212,143
6792,227
926,110
4315,352
1486,1048
3505,723
6898,633
6480,173
2994,268
241,223
1524,387
7345,519
3400,392
1124,296
7895,388
1322,222
665,256
2811,1398
5226,1133
7905,343
4001,82
2318,186
7640,245
5671,299
6341,141
7611,368
108,165
1800,61
8420,424
1467,245
758,1162
3204,1433
7163,308
46,1270
5172,345
1452,272
4120,650
1391,70
3704,39
6124,448
6560,516
3579,728
3158,728
579,312
642,641
2958,193
3484,260
7413,212
2849,1209
806,122
8660,113
5410,225
1605,636
5379,456
5221,320
371,140
1186,297
2536,166
4545,484
6487,358
1190,188
506,243
6491,651
2523,541
2494,564
6064,223
1728,423
2640,320
5150,305
1941,960
6625,343
7592,202
8436,346
1900,1112
8653,37
5183,434
6448,178
1393,187
3998,275
1793,108
2810,1447
4538,263
7887,572
323,387
7760,304
7436,309
4516,668
4973,1217
2909,730
4013,212
3340,578
4869,420
6672,800
5783,95
5450,564
5258,458
962,149
449,142
8604,244
6487,534
6967,253
982,20
448,374
2700,23
1636,599
7931,710
7018,672
3696,153
6225,356
5055,496
2235,339
2827,864
6595,394
122,177
4244,190
2533,433
8151,154
3858,1465
5,333
112,308
3218,1004
4844,266
8254,182
2852,773
7111,178
6752,415
1197,938
7654,213
3241,203
8736,339
1862,298
5253,342
6484,524
203,417
1432,1001
335,181
6282,946
1328,269
5329,666
5889,307
7510,174
790,67
311,193
2058,137
809,218
6267,241
3243,82
8281,1440
3504,723
8102,730
2283,188
23,285
5706,580
1707,1465
1982,45
7841,1036
3401,587
3881,174
614,558
6085,254
8621,892
6734,261
4535,224
707,521
82,328
470,737
5712,483
4297,614
1027,510
479,726
779,1465
8488,305
4561,104
8176,1355
3190,192
1535,481
7868,937
1098,359
3686,751
7940,288
4074,67
2735,706
4549,502
6648,348
6089,915
2042,151
8281,231
4722,381
1103,823
6516,384
966,375
5896,288
5920,774
5828,455
1401,145
7572,243
4041,180
8235,125
6332,722
8173,720
3235,106
4012,393
2301,82
8000,577
2226,418
1483,1355
5821,151
1617,1353
4788,423
4948,757
6742,145
897,173
2949,70
578,455
2760,121
6073,1433
1719,210
8628,528
4681,300
1068,215
7743,873
8598,480
2939,150
5342,166
4374,277
2461,387
4674,224
7453,1465
3811,681
4322,445
1747,505
436,285
7379,80
966,340
6676,966
2898,152
509,126
7818,743
8212,41
3337,549
1559,455
1102,643
3027,296
803,873
2109,383
1738,660
7431,211
3650,357
1832,504
1129,493
7612,379
5319,837
7913,1570
4866,333
1178,565
7146,200
4236,714
3441,128
7044,202
6966,381
7744,892
3663,389
5525,467
229,273
4995,219
2704,534
7265,564
577,377
2948,1415
2920,184
500,118
954,381
5568,866
1840,63
8332,794
4717,290
8680,498
7688,140
8013,723
6369,453
5930,114
1428,78
7861,363
3443,225
7242,225
3987,320
1645,290
4692,236
7461,68
5191,1156
2566,469
2696,189
293,228
6716,675
5328,699
8531,1433
2364,263
683,407
1685,463
6400,260
6944,436
3407,172
7319,293
5271,455
6305,334
3733,259
2120,67
3613,316
6671,373
286,208
3861,196
68,79
8312,158
636,74
8766,393
5954,938
402,171
2209,183
3458,316
8015,523
3980,700
986,370
1234,326
7317,86
8128,671
201,368
63,70
5526,111
2215,568
6690,474
5942,848
3371,707
1818,113
5336,1291
3444,332
8308,240
2800,210
4356,134
7977,339
7637,922
4822,466
412,690
1611,1970
4182,187
8483,331
410,423
2178,438
3591,739
3946,838
3855,273
4831,106
1127,159
4732,890
5963,302
3436,818
4110,201
2084,128
3971,296
5083,253
5279,1331
4759,339
4623,571
4582,362
7020,143
1382,199
5945,88
7326,663
7712,129
7234,319
5554,864
123,327
5935,502
1337,67
6759,368
638,851
5128,158
3484,353
8546,352
503,154
4677,947
4774,181
3500,124
2439,514
3011,216
7580,262
1462,78
7633,100
3699,257
4898,282
1672,242
6684,297
4254,264
3816,796
3543,339
7805,396
8226,271
2656,67
5320,441
5899,1104
3923,638
2476,162
4105,207
3867,183
3351,578
3529,81
1640,314
5557,748
4632,314
2334,168
4390,94
6288,222
2057,234
6180,526
4769,291
8415,558
3954,716
8457,736
3450,110
7756,275
4126,331
4189,135
907,272
4534,251
5306,917
748,434
3968,463
6272,189
8407,535
7452,271
3634,219
2797,375
4478,722
3477,1465
7544,383
3620,287
8566,230
5607,496
5024,244
3679,274
1752,924
163,156
1419,195
7299,732
7080,82
7753,482
5765,67
3903,416
1000,335
7544,1375
2418,384
6066,250
6835,674
4658,447
3371,732
4259,22
5208,456
4636,265
8567,418
5200,169
3565,714
1179,128
2668,287
8530,106
3668,272
8559,494
6802,873
4173,738
7484,159
4914,192
6757,199
2036,110
6253,331
578,327
184,112
5273,280
472,175
8132,1285
1020,705
1310,305
8006,551
3267,395
7059,570
2787,616
4651,486
752,298
2989,201
3916,230
3373,716
2083,586
3268,152
3346,290
6098,160
8121,787
2765,744
4229,591
2228,297
1204,216
78,1355
2598,293
6437,219
135,177
6296,161
4974,505
204,70
1376,216
1600,434
7414,313
8597,366
4777,273
1484,306
3445,103
392,345
2994,700
8052,239
6622,740
8521,241
672,765
1357,175
2651,238
6635,166
633,302
8406,713
1046,827
1741,67
1875,170
2482,325
1526,373
6851,81
3214,69
6470,149
7821,32
4404,379
5948,377
3701,259
5309,278
7967,792
4568,81
5431,174
2675,109
5140,184
2660,222
6786,279
8514,81
3845,491
3254,739
6788,701
7971,142
3496,545
7151,316
7709,526
404,103
5675,409
984,410
8095,823
1470,61
1646,1210
2128,98
988,528
6699,407
5503,260
1206,492
1501,749
5992,387
217,52
5881,229
4845,246
7499,165
4689,458
5316,763
2703,635
6610,463
6408,217
6366,697
3262,407
1802,736
2898,653
2986,711
8482,352
451,1090
501,710
1587,896
990,242
3207,165
5823,376
1458,231
332,202
4070,814
146,431
6770,362
1604,142
6076,936
1117,779
6908,324
7411,234
342,178
492,861
3189,210
8186,279
3875,33
4311,861
362,217
4207,699
2919,351
4543,480
5348,468
8156,417
2338,747
6877,91
6817,179
3209,34
1189,476
2917,473
7690,811
4430,1433
1502,414
5760,572
6416,183
3304,666
3928,980
6470,671
1009,188
7777,252
4394,282
8404,339
4045,714
5646,529
6307,704
7227,1465
6674,220
5793,228
8277,411
4781,304
5612,228
233,371
4124,691
5989,300
5577,564
4956,852
8356,254
3982,837
296,176
2796,180
4112,184
769,1330
7748,262
5777,248
6425,162
1265,333
6620,243
2143,106
8328,703
2123,574
1138,273
4945,208
185,134
2259,672
5332,408
4777,337
6676,219
7570,98
4481,229
2210,497
1280,431
2051,124
4193,300
8594,1232
2097,236
3783,440
7103,316
94,360
8140,219
5179,91
4537,280
969,687
2153,414
8378,426
3364,727
2718,110
6692,200
6778,460
4843,978
7875,724
6658,213
656,295
5464,600
5462,732
5650,40
976,132
4694,224
2836,342
4850,754
8497,313
1659,183
750,739
3329,186
3352,290
4342,891
5827,143
5314,191
1011,83
6391,256
231,234
2245,245
3991,254
1525,347
3563,483
3349,1757
4773,385
461,66
3054,233
1548,522
3862,196
6459,143
2877,401
403,210
7665,273
6498,428
1187,590
8127,705
193,719
2619,144
5636,1187
8116,690
1525,333
1140,786
3020,497
304,159
3417,330
8453,619
2725,140
6461,472
201,241
1431,166
4116,167
4427,347
3078,449
326,282
3368,214
793,464
7511,439
130,67
1912,382
607,795
1934,705
8468,353
7262,819
2386,205
4700,213
3492,427
5413,336
1533,146
796,495
4076,442
4525,224
2446,234
1807,911
700,518
2910,865
7347,284
3231,87
6456,71
821,220
4472,590
6227,138
1729,308
221,305
3965,658
2306,210
5404,360
1940,434
8054,271
2248,310
5829,649
1025,840
685,361
6311,1440
160,221
31,605
1134,67
1614,770
8655,759
898,727
4376,422
8083,119
4586,702
1969,440
4589,300
6058,460
2381,120
5993,356
8544,515
2991,151
3413,143
6877,808
4548,119
5865,1478
8384,149
3318,89
2537,298
7649,178
1094,1484
4003,582
6641,475
8181,938
2110,177
4168,157
1796,109
7623,708
1437,700
8225,750
6654,1217
5788,106
1158,120
7518,231
1563,784
1786,114
5909,339
2629,199
4523,228
2406,338
6572,325
7619,789
2394,1352
1058,663
413,250
7695,588
3547,174
4035,928
3056,259
4942,481
3212,377
3451,106
3287,288
1842,688
2835,451
3671,295
1325,676
2736,343
7627,413
7748,895
1624,728
4736,910
8089,184
5692,892
1720,278
1902,274
3236,67
114,228
7088,712
1246,239
1945,695
7890,449
6445,204
5530,478
300,170
6188,313
7590,99
4270,850
7702,673
997,197
7673,370
5769,185
4019,729
7148,841
6314,316
259,333
6780,757
6151,530
1094,321
1274,476
3405,309
7275,277
558,325
5057,345
432,135
2255,494
2489,377
2371,682
9037,105
3710,259
1088,611
4733,434
694,105
8259,507
3623,424
2834,233
1838,234
3122,219
3184,266
217,800
4412,787
2276,249
8706,369
703,226
1597,1465
4771,359
7261,517
3810,681
5516,512
3700,217
255,164
7363,140
6983,120
6187,313
616,241
340,163
7645,423
5065,466
6735,356
1982,527
4367,1465
6755,304
1055,1015
7975,226
2848,126
1006,688
3080,821
1151,327
2529,325
798,450
2112,228
2317,454
7864,1083
3213,213
5255,401
1325,125
878,324
3163,531
3047,734
6722,211
2048,70
4589,100
5616,308
605,378
1458,544
2396,813
4503,392
2160,979
5319,681
5244,402
924,594
7609,231
630,204
43,195
75,678
257,103
4546,186
3936,405
7131,446
2400,361
2346,286
7050,365
670,387
3724,259
6832,36
5734,642
520,241
5919,339
2335,272
5743,1093
7596,333
3248,410
2705,492
8723,356
1603,154
5013,1097
7945,333
3140,1465
4748,724
4540,146
7581,520
5877,775
8681,456
6875,358
7214,640
2949,265
2871,802
4643,279
3786,757
1964,306
306,372
1273,120
977,139
8519,120
573,575
1645,191
3230,265
5504,930
3981,577
8422,206
4263,616
4577,411
410,107
7842,823
2081,109
5779,781
5812,475
2560,75
337,155
5073,615
4645,525
7449,155
1946,159
8241,410
6589,484
575,150
2664,81
4832,287
8389,226
2481,410
1576,471
330,512
8144,390
2244,167
4681,451
2903,474
5423,417
5619,710
7949,167
8206,69
2901,272
6108,419
615,214
5008,297
3145,461
189,763
3263,592
3021,158
2576,591
2627,112
1092,460
1141,116
1839,889
7723,278
5953,248
4163,627
3905,107
2087,407
6775,383
465,526
4532,198
7134,274
119,163
3467,714
6185,209
6055,497
6489,501
4614,781
326,209
2601,181
4574,219
3085,752
5820,174
7324,173
820,803
428,321
4174,1014
5085,640
689,189
2322,45
6976,232
2746,257
4388,741
1160,360
4476,55
7301,497
874,56
6038,215
1077,608
3528,291
1917,834
4063,585
7357,1355
6157,100
4488,785
1674,133
3294,490
2450,299
4622,263
128,738
7483,189
4157,76
467,919
1133,340
22,367
4015,167
338,256
3217,420
851,110
2947,197
1371,103
5756,528
2545,233
5972,124
372,67
4505,156
109,131
8554,196
2448,105
5414,493
6134,1465
5246,837
3381,209
3485,359
4398,752
2442,345
6660,405
8051,912
998,328
4400,1053
7398,144
1502,236
2022,340
2359,573
18,218
4638,773
8586,400
7008,1306
1020,297
2269,360
2056,355
6825,559
4770,269
6384,390
3640,212
7190,365
6695,181
679,402
1835,345
4283,219
1905,687
8666,410
4971,555
5100,216
2572,84
4661,341
3580,339
8311,331
1700,121
587,766
2800,253
6181,324
6706,496
3366,136
4861,314
2455,316
1976,307
1698,413
8307,396
3335,149
11,362
1816,203
1631,165
456,388
1610,579
302,195
664,68
7248,1465
7701,174
1052,361
5012,335
6506,277
4012,185
3264,383
2918,533
6443,271
2225,418
5220,634
2865,830
2732,267
1792,339
934,96
1267,300
3023,460
5936,94
8061,636
7266,654
6494,523
1063,164
516,24
2208,304
4569,408
2157,228
3252,73
5308,1127
3495,714
1038,243
112,210
2158,137
2645,231
784,121
8834,42
4560,103
6869,231
8667,389
6451,566
4890,676
7173,480
447,866
3293,383
3181,430
3897,171
1010,156
5304,367
692,505
2774,381
1501,655
2271,352
4775,210
6396,453
4020,298
5719,1284
3850,481
5182,833
3316,228
2992,628
2485,307
3525,81
8165,81
4631,685
5296,316
2804,309
4885,273
1709,745
6039,757
187,101
5303,783
6000,387
1420,152
847,754
6421,149
2256,1420
6704,17
5078,477
8137,958
5334,452
2203,109
7171,341
5830,308
1624,1465
2924,105
2579,353
8826,512
5855,370
3530,654
3166,827
1571,243
4593,467
2738,472
7577,67
6406,93
8593,260
7640,380
2319,150
3633,616
4054,454
2659,467
1873,408
7110,134
7695,748
5306,593
1570,198
6728,537
3010,253
331,162
7266,648
3582,387
1524,330
1364,124
103,126
2822,235
7989,569
2084,605
530,733
7838,208
5965,149
6420,95
787,593
234,96
5126,113
365,109
7594,762
1760,372
2990,212
2271,1251
5716,996
1153,383
8423,184
8326,280
449,525
6185,362
6439,200
5689,389
835,88
870,696
3241,78
5870,538
5236,444
1142,504
740,374
4096,586
6284,248
1096,301
3577,584
7878,560
2370,169
6063,721
7584,119
6148,208
7265,355
3933,183
6494,219
1921,400
2883,107
5767,162
4673,304
1085,68
914,205
1465,296
2754,142
3513,158
3714,259
7281,38
6519,225
6044,1465
6212,218
2286,281
192,130
155,308
1295,583
2192,130
1238,255
3902,67
1529,331
2786,263
773,667
2170,996
3438,137
4875,493
7360,261
2738,98
8429,856
8208,482
3490,61
5497,482
3886,67
8641,1440
7216,1018
3016,371
8457,181
2169,383
569,290
3627,302
1181,305
3053,297
1615,396
4095,230
773,201
6606,673
65,165
2942,148
793,67
626,318
27,866
1123,219
7044,331
1657,78
2165,106
300,98
5700,315
1451,188
4039,523
8719,194
1598,1465
922,121
567,233
3522,167
2728,408
8470,582
2428,153
99,512
5284,175
2932,677
6021,681
3338,209
1854,161
1479,148
6146,736
4857,508
1115,623
1340,568
4719,514
4137,339
4672,433
6283,257
4280,326
488,115
7935,657
4379,172
141,37
641,369
5167,150
1637,191
3659,203
2632,194
6666,274
2879,362
1386,80
896,264
1642,778
5374,298
8629,828
7611,289
7407,187
7793,206
1313,232
852,639
2085,144
2218,211
860,348
4539,185
2246,489
3072,995
7051,330
7408,440
2782,275
5539,915
644,432
7620,580
1209,650
7329,385
8434,296
224,232
601,731
4505,205
2770,362
386,103
8635,295
1304,388
4778,732
2955,663
5807,1048
239,148
5923,678
545,135
7374,135
2218,182
970,168
4055,235
3738,259
3152,203
6338,202
7140,210
6749,213
1156,589
1644,463
5864,407
3393,240
2298,302
56,128
2188,476
1716,905
6005,490
4295,297
6484,254
6202,270
1284,418
7128,114
589,57
6409,107
6014,858
3990,699
8738,339
1771,393
5246,185
69,658
2643,127
3059,287
5915,372
4619,556
3697,415
5836,608
872,202
2624,194
4176,736
1127,577
4084,635
2023,100
1653,296
5415,949
5330,658
953,405
2200,184
6591,270
8297,321
891,258
3015,1355
5288,339
48,230
4177,893
4555,779
5149,305
7192,188
2378,558
4863,831
4053,159
681,799
8250,331
460,288
7291,340
3452,190
5690,410
6632,487
1596,429
6533,1053
721,156
1449,408
960,201
3039,208
6663,100
2867,146
4691,230
3336,186
8644,270
1086,364
7546,393
2518,340
235,314
5057,258
2707,228
428,151
549,570
6689,389
6576,142
2568,750
16,536
3666,525
4497,544
2031,214
7668,215
7763,219
1139,361
5696,430
3688,308
7448,159
661,357
310,185
8734,339
3883,383
1780,408
4499,463
422,284
7344,251
3664,389
2470,194
3196,795
1174,640
1266,845
7061,67
1360,190
4099,728
7718,697
5986,440
1782,112
4659,308
7909,741
3348,149
7417,155
1184,139
1242,262
6235,39
489,177
3965,463
2497,463
3987,581
2850,391
2077,115
1268,341
6812,1355
1647,866
982,351
3826,647
131,170
1246,473
197,431
6469,146
3286,408
4265,311
8632,313
929,642
4879,603
1039,121
1462,134
4141,227
1794,339
2349,200
1302,345
8076,176
8028,101
377,228
331,74
1743,696
682,651
6571,90
1670,196
8694,806
5860,322
4542,165
309,233
1797,186
2453,448
4182,179
2664,130
8433,205
4123,331
7418,335
6410,209
1999,284
357,414
4191,492
3626,616
2233,259
2547,115
2961,337
4644,446
9034,304
2046,116
7455,229
2420,746
6709,380
4551,157
3087,432
2186,131
7724,271
4819,682
5048,254
2678,208
4340,778
7145,582
9023,167
7590,215
5806,56
8179,489
1326,257
3258,69
5653,266
1706,485
7378,908
5412,1059
8474,566
3328,186
6439,1209
5982,329
3619,1465
2207,200
2329,251
3187,324
2965,553
1725,307
5063,290
624,202
2202,114
4618,1704
5361,493
2539,1465
5094,745
1333,291
460,408
5488,288
3934,994
7773,241
8060,297
7827,481
4549,205
1910,659
2277,295
4559,383
6020,1465
8117,1167
6867,289
236,157
4873,357
2662,145
4740,259
5091,333
3827,740
6764,421
8291,749
3364,279
2201,523
2143,732
6566,580
8251,296
6303,331
2960,262
1554,665
6435,178
2022,165
10,944
2116,137
3647,357
551,294
8278,226
4686,480
5307,471
7395,311
7696,257
3186,1056
8283,304
4419,381
158,261
5980,154
8677,251
4098,96
2678,107
6063,750
2751,129
1677,281
7812,290
3639,614
2303,559
6526,355
1237,186
1494,1104
5318,765
2333,258
8062,684
8121,497
8240,179
254,366
623,359
3673,751
4116,438
8171,214
2915,199
7138,398
2530,353
3356,722
3387,576
2634,174
4848,982
2555,263
4272,998
2805,368
3669,278
7943,740
8263,149
305,50
2962,202
8610,545
4904,313
3215,380
7894,823
7250,941
6126,585
1612,998
386,89
5386,152
8059,397
232,159
7305,294
6977,308
1915,637
4808,782
5281,953
206,218
4057,154
7150,389
3789,440
6514,253
5264,191
8832,666
8678,315
8853,741
4060,266
7705,558
4067,62
7043,590
4038,330
1545,387
4937,475
1635,296
3581,410
6626,494
693,702
2643,242
7796,479
3708,1398
2687,459
4167,457
5350,306
3850,1433
1799,339
1219,354
2520,586
4776,334
1518,911
1870,73
4248,486
2184,585
5479,296
1850,276
3947,308
8099,511
2855,409
1613,755
3555,540
1083,67
178,292
1114,253
3,461
4424,281
7587,23
3873,230
5435,1025
1754,508
5408,210
8527,282
642,301
7236,693
804,266
1299,186
2150,152
6517,143
3605,486
4492,515
5599,1465
5658,507
5849,714
5657,1276
5677,373
3144,175
1848,729
2133,160
4550,408
2676,23
2223,411
2486,521
5595,208
5211,1433
237,107
8829,523
3602,748
2457,1393
7912,226
2899,511
3544,339
8341,327
8222,681
4615,152
7158,331
7005,424
1082,213
6223,356
8670,714
6395,352
5639,282
3047,408
6358,241
8746,322
5287,350
5316,763
1150,123
6755,111
459,372
3031,534
5580,273
4031,700
6644,614
2352,665
1015,325
1555,354
5949,459
568,286
5662,408
1821,109
3229,137
7058,174
1183,712
1993,60
5579,406
8699,282
7202,776
8315,186
3196,17
1072,58
7277,296
4787,180
7746,379
2742,415
7220,205
4340,179
1471,241
698,164
4507,191
3289,23
1751,424
8857,452
8459,614
2449,210
1121,193
6437,865
5076,297
8099,817
7409,176
700,427
102,128
6826,435
3916,34
2611,234
2034,197
1150,508
3270,128
2413,12
1851,424
2417,744
1411,234
8057,290
5210,805
8472,731
5785,217
6773,166
5703,612
4814,216
1513,1052
7653,178
8467,219
5676,410
4520,266
5914,339
727,359
1567,1620
1497,316
5321,1465
6905,502
6497,884
6938,208
7553,367
423,127
5230,497
466,615
2825,732
5443,255
1545,272
758,292
5674,462
5421,688
4411,266
2159,297
7865,238
1159,518
2106,516
6468,180
6608,271
7104,961
221,24
8217,318
6618,317
129,67
7566,689
1081,1153
2467,463
2698,52
7834,231
397,228
312,128
5521,308
5915,339
882,151
5507,490
2330,400
1225,103
3582,404
6599,760
2624,189
3104,851
2904,1214
2217,168
403,332
6531,381
2913,710
4580,219
6004,1104
2860,393
4938,472
737,454
5458,414
2577,466
1117,445
5955,286
7106,148
8621,583
2121,1484
4147,285
6675,614
919,169
1404,199
838,598
230,374
6883,297
363,2029
2289,470
2003,168
7538,240
2392,824
4034,212
8390,271
2183,336
955,105
6404,102
3123,616
450,825
1030,637
6065,555
7158,200
4068,171
2989,1045
4234,307
6953,1033
3305,137
252,283
8357,243
3502,399
4855,383
1673,308
4626,676
1354,217
730,257
7217,217
1511,195
3454,203
6543,736
3618,528
7045,194
7689,129
5866,558
7618,41
2813,355
1948,177
5591,222
7659,667
6796,33
2342,113
8688,149
5097,459
6563,498
524,211
7603,334
8046,424
1789,49
8400,724
7216,260
2067,32
6138,382
5360,155
2894,44
8218,395
751,724
2270,999
1965,267
5888,228
496,238
3976,174
1886,421
5626,314
3554,512
3860,795
4665,483
7023,217
7300,283
1509,191
1120,174
4220,494
1676,209
3424,109
4447,777
1446,1433
1026,670
1663,1433
7662,112
7384,204
5797,223
2456,853
3126,614
2358,611
1563,998
4007,388
8003,297
5860,169
6688,389
23,711
1927,81
8664,1356
1,614
2649,94
7492,327
3805,356
5175,254
7062,229
3740,385
3289,683
214,194
6858,665
8374,383
5422,530
2480,1001
125,67
1859,710
8721,184
2640,109
1716,882
5007,359
2350,289
1925,131
2295,505
4365,291
6095,619
5547,1074
2930,157
9028,1065
8387,45
4139,339
7287,237
2739,23
7639,167
1397,55
2937,138
3379,158
4960,442
2211,91
1900,315
101,512
4317,532
1063,604
1564,1465
4977,1040
5267,428
2080,229
7046,198
8421,143
557,225
1023,433
61,582
3126,345
7136,161
2513,150
2942,73
8347,967
762,188
291,235
3404,587
2348,504
6562,252
1413,145
3625,398
5329,172
2072,135
6637,386
2080,209
7751,581
1781,437
6562,178
7774,554
5224,452
8654,616
204,631
2359,222
395,281
4474,373
1691,229
8414,383
897,225
376,285
1992,67
5594,516
3319,133
4624,63
6438,23
972,82
5883,770
5391,522
7997,450
6617,320
4188,769
8067,194
2731,480
858,221
6794,86
420,781
1701,223
2018,67
5317,855
1224,210
4570,628
377,225
7757,220
6001,998
8430,170
7354,1465
4000,547
5009,258
5463,804
4274,1509
2997,604
5206,394
1296,429
4207,153
3108,194
3276,235
7551,326
5344,277
4895,404
1672,319
2193,85
1318,371
1726,748
2068,130
4734,440
3090,197
1119,324
922,980
3516,251
4008,466
2212,691
6395,453
4662,249
86,174
1820,235
5983,175
5759,556
6532,435
3941,1271
3841,618
15,376
1007,379
1955,159
1975,60
3176,459
3837,404
4271,789
8065,297
3884,332
4118,81
165,795
2932,235
8059,444
8720,187
3565,371
2973,208
415,98
1874,408
154,261
1211,598
2594,249
967,226
8278,405
2320,645
3934,158
3896,23
5034,192
3493,427
6597,443
3133,570
466,76
8106,236
3868,132
2625,136
2854,112
66,577
7471,153
9032,258
1622,314
236,397
1025,120
5941,1176
8209,136
7862,870
5693,256
3118,688
5920,339
3898,167
228,362
6267,252
6084,324
3769,275
8197,295
2739,845
8247,435
1406,218
5697,389
7848,203
2729,591
7392,279
282,264
8072,304
1778,965
7666,243
8253,381
8634,763
5140,141
7333,1465
7952,179
2938,484
2385,2688
1635,492
3897,208
5342,699
778,172
2981,635
2360,490
6397,275
566,209
7819,726
8839,1065
5958,271
5388,869
2263,410
8503,220
8450,67
216,956
1620,498
7810,136
3421,697
7360,1266
5937,309
2179,67
2414,698
7917,183
435,769
6128,359
7968,906
5925,472
6100,619
2139,1305
1372,169
7235,402
6549,714
2980,304
6278,556
8116,921
4775,289
1512,249
3030,380
3082,192
5266,820
2221,368
7785,187
4963,165
3386,780
4797,507
8047,560
2717,654
2621,138
344,192
1604,945
5974,104
4759,576
73,321
3596,544
338,135
5186,291
775,226
6586,461
1735,514
6238,1465
4295,614
5421,274
285,327
7464,252
220,124
8875,222
4588,437
1124,117
2637,181
3801,704
2617,485
8259,593
4793,413
4084,397
1971,219
8178,246
4392,271
5432,452
8625,493
4590,183
6540,485
5796,195
3853,184
47,1137
8416,468
7959,1465
1415,218
6390,256
8092,255
6714,290
1585,1425
4964,260
8455,328
2291,155
6524,587
5505,823
865,484
3985,135
1483,333
2757,366
1107,1355
2972,454
2314,395
749,156
4194,62
5261,646
2029,346
6736,356
7906,254
4745,576
7238,798
2625,110
56,990
8659,426
6067,413
8050,463
2608,111
3803,511
855,90
8125,538
1702,493
7480,378
1955,1813
6921,223
9035,378
1709,329
1547,645
1465,267
2293,335
893,128
2484,1036
4097,102
8427,1079
4772,339
5417,776
3296,228
6919,357
1601,190
3510,340
6325,367
2372,270
8004,690
913,756
7148,152
8138,503
171,98
752,1465
1769,658
8069,596
5575,499
4652,453
992,381
1245,173
8663,732
8709,753
645,618
2030,222
6278,304
1183,145
3160,574
6557,319
26,469
1877,617
489,371
3524,497
7247,474
4701,392
3645,244
2988,1021
5025,241
5853,427
8669,58
7686,1465
1849,730
5406,614
4438,240
1941,185
7788,85
2260,454
7982,290
6642,412
2540,267
6419,110
1820,350
3438,328
8381,472
6956,280
3821,497
2468,305
4618,530
4085,243
4770,406
76,512
194,141
7885,251
714,829
6958,285
5642,767
2571,435
949,283
4176,924
474,224
8066,78
934,78
4466,451
6067,368
6280,564
216,109
4510,110
6179,284
3057,252
6477,162
4494,502
3461,348
3914,79
4197,206
4737,267
1407,81
6224,258
6525,239
8389,538
6994,85
3216,167
1580,1158
4597,114
1534,141
1308,894
5220,578
4676,679
5938,346
9025,1355
6837,466
3249,124
34,1266
4679,1465
2780,912
1162,292
3458,175
1078,928
6412,180
2815,492
1620,1465
411,397
2347,410
1280,194
5215,78
1644,538
155,190
5843,349
4407,258
1739,570
3798,259
391,81
6614,204
431,478
875,250
6342,108
6538,559
289,189
3588,552
1455,322
7134,38
6217,77
5411,334
7589,99
3882,150
4194,639
6537,207
1001,650
6422,152
577,174
8615,378
4513,195
1778,187
6503,735
2734,77
4790,328
1291,358
2698,23
3950,268
6913,859
4567,110
7995,373
438,181
1689,720
8026,271
1839,80
4022,1103
5565,385
7601,361
3177,668
2308,344
2961,323
6541,1420
6454,408
5994,125
7052,391
6902,151
1555,352
585,170
1172,88
7721,433
70,61
880,71
2299,564
372,158
1285,565
6982,307
75,231
5165,309
5217,779
343,207
2122,77
2169,321
4713,762
6022,681
3206,290
424,106
4001,903
2501,160
1204,198
2124,131
3642,614
3260,799
3242,133
5199,106
2054,255
2847,172
4543,146
728,977
8232,21
4268,264
3889,67
3600,85
6434,56
1590,272
7328,75
4123,679
3195,706
8113,771
2413,253
544,222
8609,384
1060,1278
3287,383
2306,266
1323,400
5918,339
5567,175
8156,1465
2974,251
8313,19
3575,603
1707,160
1732,161
5439,534
1283,488
2459,375
7507,755
1181,341
398,174
8417,322
7593,23
1981,182
7987,375
2035,472
8064,550
6275,208
7308,237
8070,513
2654,67
1932,384
1807,425
8707,545
3683,259
2275,440
55,575
4302,708
597,138
3455,412
1759,1011
6846,238
1934,434
2517,654
6447,145
5067,276
180,67
4175,369
2518,213
3071,132
3203,184
8266,327
2900,656
5114,105
5739,412
8239,1478
2393,506
2127,239
3923,263
1531,235
609,281
5177,254
2187,307
5211,192
1775,483
5893,438
1252,123
2864,820
1869,368
2138,383
6640,270
4107,475
4066,213
5943,832
6575,565
4064,164
7257,257
7085,1707
434,574
6446,255
1618,285
5822,332
911,226
3427,123
3943,744
4102,339
5895,466
5344,465
2745,687
3950,167
6442,303
3435,875
8627,734
2779,448
7678,81
5396,249
959,400
4076,427
4109,626
4088,91
1217,186
3820,563
49,906
903,197
1581,770
3324,6
4815,664
5953,119
675,245
1297,402
7244,341
1578,353
2354,1465
2554,396
917,338
5133,79
2261,322
2057,414
2688,77
1179,606
5171,752
5354,271
2598,392
7815,218
6945,961
4961,681
1240,112
8567,143
1523,919
6041,257
2100,227
7209,359
3858,255
4592,588
2595,136
5120,188
7622,709
1485,799
7182,933
4112,167
2581,67
988,74
603,250
3863,240
6414,137
3754,259
5665,453
4597,263
3427,340
3977,402
4270,763
6629,1465
2262,342
2803,236
8375,1478
6917,99
950,400
7141,294
8508,169
1824,249
6735,288
5217,517
1347,208
2155,920
1718,1465
6491,457
4820,682
4445,301
1643,1169
596,120
2041,60
718,185
5841,262
3158,219
463,675
4791,207
5371,847
6189,313
3431,483
93,258
1199,298
1812,221
5451,1152
886,387
7667,128
6948,6
6433,159
2545,279
552,619
3488,545
324,200
6607,244
5734,992
5395,548
4296,647
1789,339
3964,374
2017,480
2588,212
4399,532
5946,369
7661,458
3335,257
805,90
1173,327
824,199
7898,837
5727,297
5831,478
926,1208
5652,1447
3100,147
3744,1355
6896,608
4492,155
3203,195
359,399
5623,686
6465,164
6693,1039
5966,220
3859,359
1774,315
5727,546
6349,327
191,257
5868,619
4653,397
400,387
3910,33
3874,273
8588,576
5245,492
748,178
5445,324
7595,330
7595,299
40,431
4319,578
3687,214
3200,775
662,213
6557,170
6285,235
2390,387
970,591
5267,714
4164,747
7,358
2660,192
5586,252
3536,384
928,166
8087,284
3248,53
2355,568
1776,247
1297,345
3665,844
7833,126
6243,1276
5293,407
7251,100
795,202
4761,291
8215,465
6502,88
6645,616
6854,410
1010,489
2737,84
153,113
5084,296
1421,329
7181,645
8396,121
7349,101
1614,421
1259,742
2873,263
5538,417
35,487
3970,667
6725,619
389,161
4195,562
7482,104
2498,450
1496,140
7309,507
4220,329
4617,582
8619,888
6570,197
2002,36
4807,522
7123,608
7757,717
5558,250
459,205
6661,530
3370,359
6412,235
3232,39
5647,495
6179,324
2219,113
3956,732
4294,21
1080,636
2507,423
7323,343
3781,757
5285,360
5772,72
6423,485
6617,382
2605,146
1514,194
916,167
120,157
5600,395
135,387
1717,778
5632,342
209,196
5901,135
7958,1465
2671,150
8329,1212
3005,535
424,641
7271,300
4132,61
6038,1465
40,444
7321,262
2637,351
1240,596
5574,825
8130,1210
2137,685
5268,711
830,795
876,284
2567,831
1215,93
8681,139
1141,541
6569,204
2894,108
4949,260
1853,1398
3854,389
7075,342
867,727
1059,501
8751,114
3285,263
4606,495
6639,468
7169,383
5661,408
2221,465
402,274
1102,1355
271,177
3569,266
5944,257
6266,546
8172,352
688,139
6571,437
4654,736
5846,427
238,66
1145,1045
5576,356
1229,481
2320,420
3513,523
4396,282
1694,1011
84,531
3547,339
3914,64
2474,377
2130,190
6252,649
7500,118
5402,1163
485,364
1306,221
2941,77
810,694
259,124
5707,1274
4437,295
6868,316
730,485
4023,714
8417,130
8159,196
3448,299
1173,166
1032,185
8248,151
7102,324
1816,405
7571,269
4989,226
1960,537
3019,1433
5127,76
3331,41
5904,126
1110,672
433,105
4485,257
1310,352
2455,359
2591,288
3434,264
6475,287
5788,67
2234,1433
5962,652
2117,67
1359,188
6662,663
747,386
6284,848
7077,190
3321,200
6111,61
6645,271
6556,173
4026,740
1028,1019
7201,440
4364,471
5950,119
3962,547
4127,241
2425,1465
1962,236
1618,1500
5035,270
2983,790
6762,753
507,348
4233,614
8607,375
1146,212
829,225
2869,251
2025,239
3382,554
1587,1355
5356,843
2266,589
6716,510
2317,161
713,583
1113,425
7915,490
925,452
2689,82
3587,1507
7278,11
6712,282
5199,707
4031,807
5184,855
8673,389
5780,174
6666,419
43,644
2693,64
4467,464
396,69
921,164
486,144
1829,105
5784,383
1281,175
2929,270
4862,315
4002,154
448,574
4547,368
2806,462
5784,336
6565,238
6615,124
5186,693
256,191
8377,316
6073,231
323,155
4656,392
6353,262
6040,998
6579,311
6472,43
6601,308
7246,1266
5167,517
345,1111
6724,382
1985,119
550,906
1556,528
2655,43
88,311
2573,1176
4856,463
2042,104
7141,167
8286,378
732,745
5569,1053
276,249
379,129
1276,202
1933,578
6760,436
8077,557
6916,727
45,609
8704,1355
5621,294
431,199
5489,510
6563,167
1912,534
4130,27
8444,335
1952,186
5550,687
6932,160
5315,574
2980,94
3107,433
2012,98
7850,349
8318,363
8523,245
3396,615
2037,211
3159,364
4966,538
1815,312
1882,220
8578,602
7562,312
3503,640
3210,42
8245,327
5040,320
7146,289
8401,214
5740,837
5444,389
1269,182
767,588
8590,280
4724,823
1467,205
8096,846
2472,1465
297,150
1331,207
6516,408
7910,290
7778,1238
1489,225
6981,307
8848,302
5228,449
8134,1385
4470,319
7648,883
8299,321
8373,67
1874,136
2909,233
8372,859
2762,579
7605,69
3326,329
5903,146
8037,294
2665,376
8068,469
1408,145
3292,74
1652,170
2945,186
2284,541
1358,210
6961,690
574,176
8735,339
1703,302
8031,267
5001,447
17,529
8255,19
673,532
3751,666
2910,611
7288,245
1845,211
8029,1216
3793,460
2486,253
4590,362
1770,225
2748,1355
4491,153
5816,306
497,564
4020,170
6577,331
7990,266
8630,741
288,200
5400,381
288,116
3359,673
3331,174
5820,265
7938,278
4744,221
4338,409
5122,243
1282,439
6558,875
7438,253
3251,384
6846,661
5645,408
6,402
2975,39
1682,854
6177,112
4993,920
7283,9
708,154
2238,312
8412,634
969,198
2326,384
1014,626
41,392
2720,150
4591,289
548,520
3926,485
8645,553
2247,410
6587,434
602,382
695,238
520,980
7529,252
438,275
4490,708
3385,376
1649,272
5637,580
6154,267
366,234
1915,553
8633,414
4826,207
1466,924
7219,320
7054,67
3817,564
1847,286
6817,225
6493,322
6683,251
3473,103
6641,526
106,87
2206,313
7937,778
7276,348
5585,252
2429,244
1076,399
1285,410
6700,322
6367,278
6247,14
4952,675
8033,1502
7545,1411
4696,197
1071,370
2473,472
7171,310
8049,504
2484,197
4533,220
329,85
3722,259
7279,70
5302,284
7097,98
7929,710
4553,67
894,197
1921,236
2541,110
5634,398
8858,392
4988,527
2121,367
1698,691
4128,538
3998,135
414,468
250,286
6974,358
4575,215
4588,885
1582,432
5681,806
306,212
4052,522
6899,285
5612,184
320,294
3569,714
4743,320
8614,558
3425,127
6502,1065
1942,186
5791,228
6336,106
4652,108
188,418
1894,1465
7356,1433
852,238
8660,340
2582,23
7458,276
7570,701
5724,992
3355,79
7728,614
7248,718
8321,812
7571,109
5534,1402
2397,287
245,334
8043,820
6260,535
2387,746
2068,385
3949,754
226,205
8656,288
2477,241
1073,609
4077,714
1200,255
6729,405
3880,67
5939,765
7121,292
6123,72
3881,171
8674,598
6218,336
3367,608
4098,701
1579,502
5020,497
1470,280
2447,230
1889,297
1527,1465
4565,141
570,196
6950,331
2149,161
14,353
2485,586
6906,535
3168,446
7268,664
2065,191
2692,109
2172,694
1218,373
7854,297
7400,139
8141,614
5560,398
6190,313
1569,715
6488,501
3091,233
1244,212
6549,582
2606,384
2680,206
3311,103
3949,310
5635,841
3385,622
6567,213
5932,112
2737,880
5243,961
2461,434
4603,588
172,415
555,176
3755,259
158,753
6741,356
8398,735
1176,110
52,748
8482,737
5133,307
4581,385
1530,550
5673,501
1125,41
1271,766
8405,325
5916,834
596,757
3223,219
1399,336
4463,922
5286,287
6294,581
6050,227
2946,468
2445,203
2963,155
6897,191
5449,459
2622,320
2454,179
8383,848
7324,259
8165,282
4620,408
7933,229
4696,304
3070,119
4650,1205
5640,428
8060,756
685,828
4343,1537
8130,506
6639,341
5362,517
2062,143
3032,319
2634,142
4851,290
7251,110
2430,370
258,188
981,399
2326,180
5111,286
5174,433
4153,173
4224,467
753,396
3785,356
6670,700
7381,268
2755,320
1846,249
1479,167
1019,233
2775,542
4274,889
604,50
2288,336
6323,719
5187,922
3055,259
4707,382
2824,179
2027,347
4070,170
4072,118
3068,147
996,257
6429,1465
5226,330
1128,150
1755,1465
5587,1198
4709,204
8687,546
5926,827
8062,294
6186,619
5816,173
1500,48
2828,306
785,473
5880,491
7581,240
4688,429
6136,288
8030,174
1886,944
2502,307
1885,795
6829,1003
3532,894
1937,427
6447,154
498,184
2280,1708
5282,602
816,358
1639,434
4690,181
274,182
2323,163
7445,181
1929,424
3988,562
2095,236
2570,460
2075,99
6730,282
7194,198
3225,374
5113,84
8631,523
49,202
8138,420
6506,167
875,479
244,213
3465,1485
457,641
5193,427
8796,1100
552,232
6677,769
2776,916
2056,381
3193,140
2181,73
468,310
7443,475
5573,836
3271,483
2265,376
2458,494
2365,465
2973,331
951,447
6930,333
2119,169
17,608
1403,76
4595,190
1154,233
6781,399
5280,559
1515,476
5902,167
2553,376
8374,34
5312,226
1472,112
2352,1465
1414,230
3363,351
7204,557
582,238
1621,511
7115,188
6940,208
7230,323
1137,391
4972,585
3812,681
4104,390
1033,301
6347,327
7140,741
2612,251
7736,250
2613,180
2945,427
1262,328
893,328
1882,662
7066,67
4711,118
26,522
6191,313
7012,779
8078,900
4906,335
3572,246
7540,142
3273,135
3086,171
5272,827
315,110
871,82
5646,408
5397,277
5562,389
3893,324
1876,177
8371,969
3116,529
4279,273
7130,559
2330,315
6969,266
1699,533
7334,436
5279,1005
1689,124
6051,475
8117,1013
3182,505
2079,163
2307,139
6636,254
3986,243
4156,14
8063,402
908,266
2129,257
3044,339
1988,484
4825,381
5653,409
1528,1465
286,102
2407,270
5851,175
6624,964
6792,306
4659,347
6297,396
599,156
768,1465
3999,279
695,510
6499,417
5323,290
5222,954
6421,912
5799,153
7399,216
2587,154
8053,144
5152,29
7858,327
7295,562
3885,228
4740,420
641,370
4932,453
6519,1478
5297,214
5928,366
2071,120
308,57
6329,331
1581,313
554,182
4739,258
4366,453
3195,131
4825,614
7122,1355
1480,437
3277,290
1292,486
8355,737
5037,355
260,195
12,345
2368,326
2388,463
2264,341
6721,844
1112,148
4457,211
2049,182
8451,698
2769,978
3245,207
7233,414
7199,206
808,1490
869,132
7578,266
7176,600
2674,68
5125,252
4992,341
6686,354
1482,609
5291,187
5377,492
5837,455
3008,626
486,191
3776,664
1487,181
8126,655
5912,341
6702,428
4444,333
3628,363
4281,775
866,419
3457,315
8478,146
1543,515
6084,876
1843,210
5322,524
3136,255
2224,593
3460,223
8045,424
2907,592
7941,722
3193,1242
1172,739
3604,477
7456,275
5576,99
5946,220
7026,1812
6226,130
6120,187
2818,557
8158,190
800,48
499,112
1688,315
7996,402
5239,665
8601,334
8473,1440
8463,463
7822,43
5810,172
2440,190
5160,158
3828,625
3386,436
1954,1129
2383,1221
582,113
3855,635
3804,719
2751,840
1083,135
3115,687
3428,96
1338,285
8420,410
5431,41
2184,289
3817,1433
7996,243
2104,469
5805,136
340,140
1630,341
2006,156
7949,196
7755,729
1776,1355
6381,1099
1942,588
3727,259
4309,613
92,475
6590,53
3026,409
2850,172
3983,370
6175,499
4255,363
1675,586
5477,322
5250,387
1822,223
3380,193
1899,242
4586,413
4383,203
279,276
3096,134
3348,559
5588,848
894,402
3135,40
950,234
2314,186
5460,922
3373,236
3076,292
4998,681
242,131
5227,1152
5046,82
4320,187
3819,564
2204,146
3559,497
8423,579
3322,67
8614,362
1588,1686
8338,19
3888,383
2447,317
717,71
453,641
193,226
1481,178
2846,229
3478,479
3832,510
1029,670
4371,751
5065,699
7088,154
3049,455
8284,208
7050,283
387,67
2499,234
4223,28
3552,339
1441,207
2971,61
5649,1053
4780,250
6992,283
6533,494
2726,647
7403,433
7846,442
5190,514
8622,268
2372,509
7175,97
1639,564
2704,150
2441,196
4178,722
175,67
535,373
3550,339
593,775
4839,210
6514,345
3221,75
3097,139
792,405
1954,170
5104,547
2875,150
1692,278
115,233
4527,153
885,94
3210,1465
274,157
2238,419
1574,337
6241,1232
137,432
5844,714
167,742
6715,419
2577,68
6508,125
6925,205
8277,389
7945,334
2892,62
3046,575
2831,698
6839,462
3637,844
839,68
6286,1045
2126,228
542,625
3517,375
5717,451
7015,958
1746,1465
8512,241
5229,547
5382,1168
1355,272
3260,186
5132,41
2819,477
3208,62
208,566
5122,174
2376,226
6457,185
3405,399
376,758
7344,320
4078,427
3141,578
8189,740
1808,1480
8726,564
6150,519
7434,1465
4695,697
1487,1524
7021,928
7806,123
6097,389
7770,389
127,233
8247,536
5596,514
7765,682
5197,646
6594,778
538,511
6945,1465
8233,447
1476,369
526,570
1675,753
3410,477
1017,418
59,368
2263,448
2114,625
2013,235
7096,111
4069,224
2912,260
6031,716
7659,606
177,732
1021,965
1243,321
6318,106
6548,234
3756,259
5031,547
939,147
4093,137
3121,1478
3147,348
7873,754
3800,67
1431,243
6606,172
3014,200
7733,535
261,414
8309,331
99,336
1736,104
4916,224
7835,83
7264,801
8390,195
1989,67
6337,255
1088,950
4346,145
3105,352
4218,912
5884,770
2791,910
7178,376
2792,1705
4699,350
7658,867
1002,547
5015,800
2963,141
4369,1313
1486,461
1922,327
4425,356
6785,400
8071,208
18,268
5341,503
1123,224
837,640
8147,227
5663,260
8391,625
1508,181
2958,750
6914,219
339,291
7790,395
2407,260
6546,354
454,1548
347,236
2175,90
8084,297
2471,411
4654,299
5398,150
5227,350
3638,201
3447,720
1072,178
8501,629
4541,222
1098,1355
619,204
2596,248
1851,243
502,335
5759,757
222,210
6401,217
2606,193
4556,638
4835,722
2877,249
5277,259
4951,18
1741,376
923,75
4902,356
3603,764
3361,799
3992,343
4786,453
4294,297
6007,117
8112,703
1248,167
2747,518
5804,164
249,648
8522,553
5954,320
4059,263
44,875
5679,445
4121,399
19,124
2292,158
1165,565
1065,309
475,147
4583,382
8393,318
1342,211
2283,537
4592,413
5545,165
7462,53
4328,440
6500,353
924,220
2936,324
1609,270
5380,384
3139,193
7675,344
2552,318
839,706
7309,280
7966,893
2904,477
3295,228
4514,151
4310,387
7190,37
786,757
6667,790
1562,1465
6538,540
533,737
2771,460
5455,896
7227,243
7614,85
7322,192
2979,184
8419,271
5571,193
4604,824
6791,319
3399,213
846,45
2585,496
853,61
263,96
2857,138
5532,400
8211,356
5347,1861
8231,528
2045,122
1017,439
7979,339
2567,199
561,409
1841,261
8864,327
660,703
6006,320
2438,643
2069,261
5758,1152
6866,1490
7323,379
8237,362
5659,408
910,280
605,178
7911,352
6650,581
834,388
898,120
5219,506
4009,372
4521,100
8319,363
1305,998
2253,74
3049,247
2756,785
8143,710
6783,430
3666,389
6448,147
4526,191
2315,235
1289,999
4667,834
2454,338
3307,137
6048,1266
301,158
3613,299
7362,112
6138,1060
4831,616
6425,812
7639,225
4558,228
8342,294
2561,174
3775,115
4686,475
7343,222
3227,166
5189,212
3646,654
4709,252
1492,377
4859,398
4122,362
8408,765
841,123
1916,251
6499,377
2726,191
1662,209
1854,468
4658,705
2066,48
7747,1141
1450,671
2417,560
8214,1648
2249,1465
8730,344
8617,8
3036,179
5471,478
2603,50
5271,556
2818,240
1339,67
3877,638
8302,926
202,362
5448,732
7625,218
6689,1217
4950,564
1863,346
2843,764
2508,208
7699,763
5136,500
2012,285
7656,262
2279,1195
2766,718
2887,83
375,481
6086,430
1761,156
6336,254
3437,736
4602,336
476,313
4002,295
6609,57
5823,321
4193,696
937,310
7259,256
168,114
4312,955
5738,1406
6159,219
3236,490
6023,126
407,232
5112,482
575,467
5472,663
8403,339
2460,219
1194,231
6040,677
302,184
4609,167
8668,714
827,1137
7574,269
1598,656
1342,178
5051,852
5934,298
1156,134
1410,190
7651,459
1566,841
4007,402
3408,434
5261,408
6210,449
2931,308
1661,1207
985,164
8340,268
7113,1176
1907,431
7139,425
8532,324
1182,492
987,158
2525,154
4986,276
5578,148
1760,213
6480,298
8750,170
2423,626
6473,203
4953,345
744,127
6376,176
2195,80
1495,169
2729,970
3356,429
3899,142
3658,145
2829,1282
1558,452
8628,371
3003,370
1410,217
5300,538
8337,57
2553,326
7477,1478
7754,705
8627,1570
8623,247
6876,1450
2907,191
5196,665
2810,663
3723,259
2967,111
2783,1285
3137,157
8324,287
1368,221
2887,421
2778,725
2340,249
2733,718
1708,353
7663,333
3678,271
4170,339
2699,192
7572,99
4402,184
2684,129
197,214
8450,402
8458,714
6096,189
4575,388
6441,225
6259,636
8179,53
7164,478
5346,1844
1242,545
3514,235
7442,143
1971,539
1440,290
4501,229
3955,789
114,154
6131,704
2831,172
511,265
7568,99
1004,201
435,125
5806,522
1791,122
6239,1465
346,234
8836,295
3561,714
8702,370
8136,844
2976,312
1704,1355
8246,612
6094,126
8251,784
7489,75
7100,1048
5480,322
1309,309
1557,559
6602,335
4201,1465
5897,197
4878,1433
3297,228
1653,397
3439,797
6087,915
2808,687
3759,259
1387,206
4649,364
4483,345
4852,323
3487,427
6565,165
469,274
2711,1570
1868,676
6250,338
2236,1465
3631,237
1779,1966
1599,475
218,74
3644,471
2583,804
64,170
1541,842
5473,675
2516,428
728,225
3911,130
6708,1104
2964,341
2501,709
6882,282
3562,258
7877,722
168,102
7660,443
3101,1465
3346,559
4160,217
3559,81
6142,1465
5893,661
5513,558
4880,131
2835,1221
5573,829
849,211
5108,857
1241,664
5578,459
2284,489
3931,340
6169,70
1416,248
5886,81
504,306
3900,150
5625,264
4217,246
902,220
1163,528
4779,173
5704,710
8492,185
3378,451
8114,644
525,232
1311,168
8267,1478
7165,1433
4184,497
2962,336
2733,256
2196,140
2685,251
1488,470
396,142
1019,178
710,140
5535,507
2008,168
3597,483
1710,456
4119,596
3892,207
2614,112
1108,67
6355,241
6537,399
7677,467
417,293
6141,511
3342,554
1348,1047
7681,733
3079,492
6061,91
2445,346
973,236
5660,455
3261,228
4079,434
4820,176
4727,81
365,315
47,232
955,215
1489,562
2937,230
7900,915
1014,285
5137,371
8770,339
4945,242
5786,108
3228,73
2996,183
3787,440
4530,148
5390,420
2476,242
4634,582
6406,165
2566,351
6033,745
1153,856
1572,431
4786,37
2255,565
3891,485
8545,218
3114,482
3951,315
2957,216
277,231
5621,943
3443,299
110,233
1932,715
958,500
267,207
4184,188
2440,189
3188,359
3959,571
676,197
6582,175
6045,540
2786,121
309,160
808,67
2370,509
8727,217
7285,191
3243,202
1187,140
516,622
5892,249
3489,545
5310,403
2227,410
3415,157
4612,515
5247,555
1360,259
8039,723
5232,339
4701,830
8704,760
7683,769
94,205
5624,379
4339,236
6338,176
1377,91
3932,218
1333,173
6972,13
1840,543
3180,246
2392,804
6580,207
3992,270
97,116
3469,427
2776,318
7557,565
4747,293
3982,83
178,89
5418,713
6521,374
4975,305
8169,136
591,745
1166,377
1562,767
936,407
2563,352
947,331
6901,1015
6622,510
4179,560
1207,457
3676,291
4381,117
7637,576
6872,239
7623,288
5461,315
3741,356
1089,202
1335,358
674,1472
511,606
1972,227
8410,549
7968,711
8159,228
7049,548
3746,1465
7071,194
772,203
8360,536
6853,584
147,757
6635,497
5156,524
4329,169
5589,1465
3,334
6156,617
8691,882
1914,245
104,579
209,352
1367,187
2017,67
2270,337
1042,484
2511,482
8101,758
7346,351
3535,305
212,113
5177,526
214,978
4085,800
3921,353
7541,1308
1715,685
440,712
2762,308
7618,803
294,176
4181,131
4211,620
3326,53
1544,251
590,244
2901,158
5259,457
2730,268
5237,259
1306,425
7972,715
8548,281
383,108
1422,400
7957,372
8574,554
2650,177
6206,331
6383,696
7450,749
207,153
4291,42
4075,197
7080,54
625,284
5910,54
1986,584
3927,95
2528,112
5657,408
4984,226
7948,81
5772,434
6683,166
6765,759
4767,522
4239,767
5126,228
3024,336
4587,318
384,383
4706,467
5173,219
6660,32
4830,189
5508,484
6584,339
5996,1192
2531,802
3815,681
7009,897
559,237
2557,150
7727,698
1315,169
6873,251
2478,401
6256,570
6543,245
5586,520
1959,539
723,83
2764,631
1323,85
2268,350
2000,175
3043,137
2968,77
5340,855
2341,406
5291,339
2568,200
6918,155
2592,77
2977,96
2086,186
557,285
5999,747
4737,820
6828,432
5590,198
1456,1465
1878,111
2927,390
5203,598
3494,382
8598,20
6787,393
6962,1161
5985,440
1475,999
6655,281
4745,394
1435,1465
1629,760
1309,326
8682,335
707,601
4608,435
7665,447
5455,803
2519,462
6485,826
7090,812
5014,223
8223,413
906,215
2979,714
829,1008
1542,765
4739,380
1319,292
1765,167
1057,872
4508,139
6135,1465
7231,555
2286,308
14,426
8026,152
41,141
2590,199
2135,1237
1730,378
4741,865
3345,259
2180,119
3419,276
5429,591
8860,463
622,437
6453,383
3563,336
749,398
944,429
2991,341
5519,319
3078,1161
611,195
4510,180
3903,1503
8506,228
7127,447
2039,307
7406,553
7738,588
1322,98
5063,417
1351,223
2463,226
2397,998
5381,482
8228,731
8637,472
8460,503
8207,188
5564,399
1157,387
3494,334
2822,731
8649,204
1546,420
6946,782
5962,71
6102,763
7490,28
2493,469
5504,349
4350,228
1648,466
7469,153
2034,203
6450,739
4728,167
243,31
4649,1040
5447,474
1732,424
2814,773
1717,306
5124,157
640,364
2120,119
5398,743
3516,733
858,174
5792,95
4793,714
8306,991
5154,254
6955,325
470,101
2100,299
5256,880
6379,135
7177,588
4628,319
7034,1515
472,407
8042,372
5715,288
4237,573
74,713
599,238
1916,834
4426,350
6283,999
4725,501
3000,183
6713,191
4687,565
4326,92
8604,1079
1084,323
69,185
5776,183
4767,299
3519,239
5828,560
1018,653
2074,131
6002,1465
6871,228
2538,1465
2844,129
902,149
8045,252
4047,714
3103,717
651,770
101,164
4882,139
7615,714
7813,711
960,968
946,88
2001,117
5984,283
6025,86
8431,295
2151,128
3312,40
3417,168
3171,262
394,67
1093,1169
8097,821
4785,36
4792,688
7380,1440
2373,522
8016,546
1461,657
6479,766
4425,751
518,124
113,78
8242,388
4129,331
2741,126
2699,221
2052,221
8385,304
7002,410
7669,331
6739,365
2173,971
4570,86
7698,32
2773,429
2398,343
5357,772
845,213
5101,111
3782,45
915,64
1828,371
939,241
2487,197
4719,534
6570,644
8092,369
6881,339
8234,362
2310,360
7094,156
3667,329
845,186
4515,194
2132,408
3656,616
1232,799
3449,551
8838,566
5231,307
1592,527
653,238
7053,239
8454,307
2524,370
5225,700
3739,678
7602,356
6928,741
7796,282
96,893
5975,247
4596,1102
2179,75
8705,1355
6481,245
1978,530
2593,298
5620,318
4571,517
4387,681
4834,593
4403,637
1214,169
6621,430
2257,439
1162,301
6665,876
117,158
3781,440
6030,386
6002,998
149,288
769,113
4234,487
6427,529
361,67
7123,455
4093,337
1429,221
1974,191
8183,271
4213,1465
2014,292
3316,580
6202,268
4542,641
8771,339
7704,545
2052,150
5981,94
491,202
515,436
5987,857
7951,342
2722,284
8174,331
5263,185
6196,362
628,415
8325,1079
4432,418
743,1494
770,1040
4175,272
2933,238
2337,222
6076,435
445,759
1105,228
2222,515
5748,309
2914,460
66,217
3240,421
6705,148
327,233
1170,665
262,241
6504,63
7555,836
1938,1004
5276,466
4938,674
8426,265
136,190
6957,460
4596,67
7577,222
5919,604
3432,207
2746,375
8638,238
2935,66
2826,447
1577,415
3940,248
7677,518
6736,285
